date,country,os,count
2024-02-01,XX,T,43
2024-02-01,XX,W,387628
2024-02-01,XX,X,1567181
2024-02-01,XX,Y,4551696
2024-02-01,XY,T,2
2024-02-01,XY,W,18537
2024-02-01,XY,X,371440
2024-02-01,XY,Y,1112390
2024-02-01,XZ,T,3
2024-02-01,XZ,W,24217
2024-02-01,XZ,X,220180
2024-02-01,XZ,Y,878891
2024-02-01,YX,T,1
2024-02-01,YX,W,11254
2024-02-01,YX,X,73722
2024-02-01,YX,Y,310027
2024-02-01,YY,T,2
2024-02-01,YY,W,12316
2024-02-01,YY,X,564636
2024-02-01,YY,Y,3905875
2024-02-01,YZ,W,39
2024-02-01,YZ,X,12025
2024-02-01,YZ,Y,13297
2024-02-01,ZX,W,510
2024-02-01,ZX,X,59522
2024-02-01,ZX,Y,147773
2024-02-02,XX,T,44
2024-02-02,XX,W,416126
2024-02-02,XX,X,1581450
2024-02-02,XX,Y,4643162
2024-02-02,XY,T,9
2024-02-02,XY,W,18817
2024-02-02,XY,X,365231
2024-02-02,XY,Y,1116282
2024-02-02,XZ,T,1
2024-02-02,XZ,W,26019
2024-02-02,XZ,X,220656
2024-02-02,XZ,Y,896253
2024-02-02,YX,W,10402
2024-02-02,YX,X,66146
2024-02-02,YX,Y,294155
2024-02-02,YY,T,2
2024-02-02,YY,W,11679
2024-02-02,YY,X,529137
2024-02-02,YY,Y,3714020
2024-02-02,YZ,W,50
2024-02-02,YZ,X,11862
2024-02-02,YZ,Y,13267
2024-02-02,ZX,W,484
2024-02-02,ZX,X,57845
2024-02-02,ZX,Y,145500
2024-02-03,XX,T,42
2024-02-03,XX,W,353389
2024-02-03,XX,X,1368017
2024-02-03,XX,Y,4232763
2024-02-03,XY,T,9
2024-02-03,XY,W,17449
2024-02-03,XY,X,320085
2024-02-03,XY,Y,1012936
2024-02-03,XZ,T,4
2024-02-03,XZ,W,23178
2024-02-03,XZ,X,189852
2024-02-03,XZ,Y,820893
2024-02-03,YX,T,1
2024-02-03,YX,W,10665
2024-02-03,YX,X,70837
2024-02-03,YX,Y,295043
2024-02-03,YY,T,2
2024-02-03,YY,W,11068
2024-02-03,YY,X,522866
2024-02-03,YY,Y,3629585
2024-02-03,YZ,W,52
2024-02-03,YZ,X,11391
2024-02-03,YZ,Y,12429
2024-02-03,ZX,T,1
2024-02-03,ZX,W,519
2024-02-03,ZX,X,55499
2024-02-03,ZX,Y,140412
2024-02-04,XX,T,44
2024-02-04,XX,W,311960
2024-02-04,XX,X,1278918
2024-02-04,XX,Y,3979781
2024-02-04,XY,T,14
2024-02-04,XY,W,15826
2024-02-04,XY,X,311774
2024-02-04,XY,Y,979515
2024-02-04,XZ,T,1
2024-02-04,XZ,W,20514
2024-02-04,XZ,X,179177
2024-02-04,XZ,Y,769684
2024-02-04,YX,W,10975
2024-02-04,YX,X,76358
2024-02-04,YX,Y,299416
2024-02-04,YY,W,9499
2024-02-04,YY,X,481437
2024-02-04,YY,Y,3324558
2024-02-04,YZ,W,59
2024-02-04,YZ,X,11228
2024-02-04,YZ,Y,11897
2024-02-04,ZX,W,481
2024-02-04,ZX,X,53204
2024-02-04,ZX,Y,135545
2024-02-05,XX,T,46
2024-02-05,XX,W,368614
2024-02-05,XX,X,1485058
2024-02-05,XX,Y,4432717
2024-02-05,XY,T,9
2024-02-05,XY,W,18552
2024-02-05,XY,X,371078
2024-02-05,XY,Y,1103262
2024-02-05,XZ,T,2
2024-02-05,XZ,W,22517
2024-02-05,XZ,X,180982
2024-02-05,XZ,Y,811972
2024-02-05,YX,T,1
2024-02-05,YX,W,11282
2024-02-05,YX,X,77462
2024-02-05,YX,Y,306629
2024-02-05,YY,T,3
2024-02-05,YY,W,12326
2024-02-05,YY,X,550514
2024-02-05,YY,Y,3894760
2024-02-05,YZ,W,48
2024-02-05,YZ,X,12071
2024-02-05,YZ,Y,13262
2024-02-05,ZX,W,551
2024-02-05,ZX,X,58692
2024-02-05,ZX,Y,146022
2024-02-06,XX,T,58
2024-02-06,XX,W,377452
2024-02-06,XX,X,1504752
2024-02-06,XX,Y,4473138
2024-02-06,XY,T,14
2024-02-06,XY,W,18325
2024-02-06,XY,X,375372
2024-02-06,XY,Y,1120688
2024-02-06,XZ,T,1
2024-02-06,XZ,W,22232
2024-02-06,XZ,X,186060
2024-02-06,XZ,Y,800303
2024-02-06,YX,T,1
2024-02-06,YX,W,11309
2024-02-06,YX,X,77201
2024-02-06,YX,Y,308426
2024-02-06,YY,T,2
2024-02-06,YY,W,12081
2024-02-06,YY,X,542137
2024-02-06,YY,Y,3761893
2024-02-06,YZ,W,53
2024-02-06,YZ,X,12201
2024-02-06,YZ,Y,13498
2024-02-06,ZX,T,1
2024-02-06,ZX,W,512
2024-02-06,ZX,X,58055
2024-02-06,ZX,Y,146076
2024-02-07,XX,T,57
2024-02-07,XX,W,376693
2024-02-07,XX,X,1493447
2024-02-07,XX,Y,4474331
2024-02-07,XY,T,11
2024-02-07,XY,W,21504
2024-02-07,XY,X,381937
2024-02-07,XY,Y,1131739
2024-02-07,XZ,T,4
2024-02-07,XZ,W,22260
2024-02-07,XZ,X,186464
2024-02-07,XZ,Y,805613
2024-02-07,YX,W,11557
2024-02-07,YX,X,77991
2024-02-07,YX,Y,312418
2024-02-07,YY,W,12165
2024-02-07,YY,X,538529
2024-02-07,YY,Y,3817088
2024-02-07,YZ,W,70
2024-02-07,YZ,X,12999
2024-02-07,YZ,Y,13527
2024-02-07,ZX,W,528
2024-02-07,ZX,X,58241
2024-02-07,ZX,Y,144855
2024-02-08,XX,T,76
2024-02-08,XX,W,385921
2024-02-08,XX,X,1537185
2024-02-08,XX,Y,4542859
2024-02-08,XY,T,10
2024-02-08,XY,W,17918
2024-02-08,XY,X,390942
2024-02-08,XY,Y,1134849
2024-02-08,XZ,W,23634
2024-02-08,XZ,X,207760
2024-02-08,XZ,Y,854824
2024-02-08,YX,W,12108
2024-02-08,YX,X,79109
2024-02-08,YX,Y,322617
2024-02-08,YY,T,1
2024-02-08,YY,W,10476
2024-02-08,YY,X,526555
2024-02-08,YY,Y,3627576
2024-02-08,YZ,W,67
2024-02-08,YZ,X,14045
2024-02-08,YZ,Y,13647
2024-02-08,ZX,T,1
2024-02-08,ZX,W,581
2024-02-08,ZX,X,60105
2024-02-08,ZX,Y,147617
2024-02-09,XX,T,74
2024-02-09,XX,W,376367
2024-02-09,XX,X,1459613
2024-02-09,XX,Y,4467236
2024-02-09,XY,T,4
2024-02-09,XY,W,20540
2024-02-09,XY,X,367412
2024-02-09,XY,Y,1121361
2024-02-09,XZ,T,2
2024-02-09,XZ,W,23019
2024-02-09,XZ,X,192347
2024-02-09,XZ,Y,823325
2024-02-09,YX,T,1
2024-02-09,YX,W,10849
2024-02-09,YX,X,69980
2024-02-09,YX,Y,305118
2024-02-09,YY,T,6
2024-02-09,YY,W,10934
2024-02-09,YY,X,516111
2024-02-09,YY,Y,3685806
2024-02-09,YZ,W,67
2024-02-09,YZ,X,12764
2024-02-09,YZ,Y,13916
2024-02-09,ZX,W,510
2024-02-09,ZX,X,57925
2024-02-09,ZX,Y,145739
2024-02-10,XX,T,65
2024-02-10,XX,W,332169
2024-02-10,XX,X,1260333
2024-02-10,XX,Y,4130763
2024-02-10,XY,T,9
2024-02-10,XY,W,16042
2024-02-10,XY,X,329057
2024-02-10,XY,Y,1038104
2024-02-10,XZ,T,1
2024-02-10,XZ,W,22583
2024-02-10,XZ,X,188981
2024-02-10,XZ,Y,834831
2024-02-10,YX,W,11505
2024-02-10,YX,X,74734
2024-02-10,YX,Y,313134
2024-02-10,YY,T,6
2024-02-10,YY,W,9617
2024-02-10,YY,X,477533
2024-02-10,YY,Y,3381044
2024-02-10,YZ,W,54
2024-02-10,YZ,X,11778
2024-02-10,YZ,Y,13339
2024-02-10,ZX,W,495
2024-02-10,ZX,X,55672
2024-02-10,ZX,Y,141691
2024-02-11,XX,T,68
2024-02-11,XX,W,310418
2024-02-11,XX,X,1217945
2024-02-11,XX,Y,3956415
2024-02-11,XY,T,7
2024-02-11,XY,W,17905
2024-02-11,XY,X,322282
2024-02-11,XY,Y,999753
2024-02-11,XZ,T,4
2024-02-11,XZ,W,21403
2024-02-11,XZ,X,186060
2024-02-11,XZ,Y,806744
2024-02-11,YX,W,11807
2024-02-11,YX,X,80271
2024-02-11,YX,Y,319208
2024-02-11,YY,T,3
2024-02-11,YY,W,9328
2024-02-11,YY,X,471901
2024-02-11,YY,Y,3334840
2024-02-11,YZ,W,54
2024-02-11,YZ,X,11839
2024-02-11,YZ,Y,12562
2024-02-11,ZX,T,1
2024-02-11,ZX,W,482
2024-02-11,ZX,X,53529
2024-02-11,ZX,Y,138086
2024-02-12,XX,T,189
2024-02-12,XX,W,360969
2024-02-12,XX,X,1425654
2024-02-12,XX,Y,4365568
2024-02-12,XY,T,13
2024-02-12,XY,W,20783
2024-02-12,XY,X,364911
2024-02-12,XY,Y,1101049
2024-02-12,XZ,T,3
2024-02-12,XZ,W,22360
2024-02-12,XZ,X,188091
2024-02-12,XZ,Y,811502
2024-02-12,YX,W,11751
2024-02-12,YX,X,79875
2024-02-12,YX,Y,318055
2024-02-12,YY,T,3
2024-02-12,YY,W,11948
2024-02-12,YY,X,535994
2024-02-12,YY,Y,3837343
2024-02-12,YZ,W,47
2024-02-12,YZ,X,12792
2024-02-12,YZ,Y,13960
2024-02-12,ZX,T,4
2024-02-12,ZX,W,541
2024-02-12,ZX,X,57951
2024-02-12,ZX,Y,145171
2024-02-13,XX,T,78
2024-02-13,XX,W,377108
2024-02-13,XX,X,1473105
2024-02-13,XX,Y,4484035
2024-02-13,XY,T,7
2024-02-13,XY,W,17824
2024-02-13,XY,X,367673
2024-02-13,XY,Y,1111649
2024-02-13,XZ,T,2
2024-02-13,XZ,W,22198
2024-02-13,XZ,X,186816
2024-02-13,XZ,Y,809062
2024-02-13,YX,W,11868
2024-02-13,YX,X,80005
2024-02-13,YX,Y,319219
2024-02-13,YY,T,3
2024-02-13,YY,W,11887
2024-02-13,YY,X,540340
2024-02-13,YY,Y,3896122
2024-02-13,YZ,W,55
2024-02-13,YZ,X,12436
2024-02-13,YZ,Y,13825
2024-02-13,ZX,W,527
2024-02-13,ZX,X,58621
2024-02-13,ZX,Y,146595
2024-02-14,XX,T,183
2024-02-14,XX,W,375527
2024-02-14,XX,X,1460547
2024-02-14,XX,Y,4471586
2024-02-14,XY,T,7
2024-02-14,XY,W,17739
2024-02-14,XY,X,361989
2024-02-14,XY,Y,1115407
2024-02-14,XZ,T,3
2024-02-14,XZ,W,22112
2024-02-14,XZ,X,186232
2024-02-14,XZ,Y,805566
2024-02-14,YX,W,11923
2024-02-14,YX,X,79629
2024-02-14,YX,Y,320436
2024-02-14,YY,T,1
2024-02-14,YY,W,8947
2024-02-14,YY,X,438886
2024-02-14,YY,Y,3195156
2024-02-14,YZ,W,43
2024-02-14,YZ,X,11371
2024-02-14,YZ,Y,13160
2024-02-14,ZX,T,1
2024-02-14,ZX,W,543
2024-02-14,ZX,X,58681
2024-02-14,ZX,Y,147379
2024-02-15,XX,T,76
2024-02-15,XX,W,380118
2024-02-15,XX,X,1492884
2024-02-15,XX,Y,4505221
2024-02-15,XY,T,6
2024-02-15,XY,W,19680
2024-02-15,XY,X,382895
2024-02-15,XY,Y,1134722
2024-02-15,XZ,T,2
2024-02-15,XZ,W,23465
2024-02-15,XZ,X,210385
2024-02-15,XZ,Y,849173
2024-02-15,YX,W,12403
2024-02-15,YX,X,80867
2024-02-15,YX,Y,331188
2024-02-15,YY,T,1
2024-02-15,YY,W,11737
2024-02-15,YY,X,541582
2024-02-15,YY,Y,3812190
2024-02-15,YZ,W,35
2024-02-15,YZ,X,11931
2024-02-15,YZ,Y,13078
2024-02-15,ZX,T,2
2024-02-15,ZX,W,543
2024-02-15,ZX,X,60113
2024-02-15,ZX,Y,147320
2024-02-16,XX,T,91
2024-02-16,XX,W,372251
2024-02-16,XX,X,1430553
2024-02-16,XX,Y,4446757
2024-02-16,XY,T,4
2024-02-16,XY,W,19159
2024-02-16,XY,X,366179
2024-02-16,XY,Y,1111755
2024-02-16,XZ,T,3
2024-02-16,XZ,W,22725
2024-02-16,XZ,X,202474
2024-02-16,XZ,Y,831865
2024-02-16,YX,T,1
2024-02-16,YX,W,11305
2024-02-16,YX,X,71323
2024-02-16,YX,Y,314991
2024-02-16,YY,T,2
2024-02-16,YY,W,11814
2024-02-16,YY,X,547789
2024-02-16,YY,Y,3862222
2024-02-16,YZ,W,56
2024-02-16,YZ,X,11768
2024-02-16,YZ,Y,13521
2024-02-16,ZX,T,2
2024-02-16,ZX,W,527
2024-02-16,ZX,X,58263
2024-02-16,ZX,Y,144527
2024-02-17,XX,T,53
2024-02-17,XX,W,329760
2024-02-17,XX,X,1253856
2024-02-17,XX,Y,4132077
2024-02-17,XY,T,6
2024-02-17,XY,W,15164
2024-02-17,XY,X,316062
2024-02-17,XY,Y,1022276
2024-02-17,XZ,T,3
2024-02-17,XZ,W,23003
2024-02-17,XZ,X,205256
2024-02-17,XZ,Y,850527
2024-02-17,YX,W,11848
2024-02-17,YX,X,76915
2024-02-17,YX,Y,323475
2024-02-17,YY,T,3
2024-02-17,YY,W,11348
2024-02-17,YY,X,536631
2024-02-17,YY,Y,3811487
2024-02-17,YZ,W,69
2024-02-17,YZ,X,11139
2024-02-17,YZ,Y,12794
2024-02-17,ZX,W,507
2024-02-17,ZX,X,56530
2024-02-17,ZX,Y,139488
2024-02-18,XX,T,85
2024-02-18,XX,W,307871
2024-02-18,XX,X,1206343
2024-02-18,XX,Y,3956600
2024-02-18,XY,T,6
2024-02-18,XY,W,17860
2024-02-18,XY,X,303142
2024-02-18,XY,Y,984800
2024-02-18,XZ,T,2
2024-02-18,XZ,W,21848
2024-02-18,XZ,X,207881
2024-02-18,XZ,Y,830787
2024-02-18,YX,T,1
2024-02-18,YX,W,12300
2024-02-18,YX,X,82199
2024-02-18,YX,Y,329651
2024-02-18,YY,T,3
2024-02-18,YY,W,9460
2024-02-18,YY,X,495318
2024-02-18,YY,Y,3453365
2024-02-18,YZ,W,40
2024-02-18,YZ,X,10860
2024-02-18,YZ,Y,11693
2024-02-18,ZX,T,2
2024-02-18,ZX,W,487
2024-02-18,ZX,X,54569
2024-02-18,ZX,Y,135802
2024-02-19,XX,T,79
2024-02-19,XX,W,362748
2024-02-19,XX,X,1422225
2024-02-19,XX,Y,4392223
2024-02-19,XY,T,9
2024-02-19,XY,W,20422
2024-02-19,XY,X,358104
2024-02-19,XY,Y,1091632
2024-02-19,XZ,T,4
2024-02-19,XZ,W,22770
2024-02-19,XZ,X,212171
2024-02-19,XZ,Y,834351
2024-02-19,YX,W,12030
2024-02-19,YX,X,81208
2024-02-19,YX,Y,327179
2024-02-19,YY,W,12249
2024-02-19,YY,X,562381
2024-02-19,YY,Y,3963247
2024-02-19,YZ,W,62
2024-02-19,YZ,X,11969
2024-02-19,YZ,Y,13169
2024-02-19,ZX,T,1
2024-02-19,ZX,W,542
2024-02-19,ZX,X,58273
2024-02-19,ZX,Y,143504
2024-02-20,XX,T,67
2024-02-20,XX,W,378389
2024-02-20,XX,X,1469780
2024-02-20,XX,Y,4465424
2024-02-20,XY,T,8
2024-02-20,XY,W,21115
2024-02-20,XY,X,364376
2024-02-20,XY,Y,1106568
2024-02-20,XZ,T,1
2024-02-20,XZ,W,22510
2024-02-20,XZ,X,202704
2024-02-20,XZ,Y,825197
2024-02-20,YX,W,11916
2024-02-20,YX,X,81492
2024-02-20,YX,Y,328131
2024-02-20,YY,T,1
2024-02-20,YY,W,12247
2024-02-20,YY,X,568509
2024-02-20,YY,Y,3972708
2024-02-20,YZ,W,45
2024-02-20,YZ,X,12562
2024-02-20,YZ,Y,13118
2024-02-20,ZX,T,1
2024-02-20,ZX,W,550
2024-02-20,ZX,X,58412
2024-02-20,ZX,Y,145154
2024-02-21,XX,T,35
2024-02-21,XX,W,383860
2024-02-21,XX,X,1450727
2024-02-21,XX,Y,4481828
2024-02-21,XY,T,6
2024-02-21,XY,W,20493
2024-02-21,XY,X,372262
2024-02-21,XY,Y,1124347
2024-02-21,XZ,T,1
2024-02-21,XZ,W,22428
2024-02-21,XZ,X,200224
2024-02-21,XZ,Y,826364
2024-02-21,YX,W,12415
2024-02-21,YX,X,81777
2024-02-21,YX,Y,333319
2024-02-21,YY,T,2
2024-02-21,YY,W,12066
2024-02-21,YY,X,561448
2024-02-21,YY,Y,3950792
2024-02-21,YZ,W,35
2024-02-21,YZ,X,11892
2024-02-21,YZ,Y,13016
2024-02-21,ZX,T,2
2024-02-21,ZX,W,524
2024-02-21,ZX,X,58375
2024-02-21,ZX,Y,146047
2024-02-22,XX,T,64
2024-02-22,XX,W,390410
2024-02-22,XX,X,1469109
2024-02-22,XX,Y,4576858
2024-02-22,XY,T,10
2024-02-22,XY,W,21700
2024-02-22,XY,X,387302
2024-02-22,XY,Y,1147915
2024-02-22,XZ,T,7
2024-02-22,XZ,W,23596
2024-02-22,XZ,X,217708
2024-02-22,XZ,Y,870366
2024-02-22,YX,W,12598
2024-02-22,YX,X,81155
2024-02-22,YX,Y,343329
2024-02-22,YY,T,3
2024-02-22,YY,W,12561
2024-02-22,YY,X,577200
2024-02-22,YY,Y,4154062
2024-02-22,YZ,W,41
2024-02-22,YZ,X,11766
2024-02-22,YZ,Y,12979
2024-02-22,ZX,W,552
2024-02-22,ZX,X,60103
2024-02-22,ZX,Y,150406
2024-02-23,XX,T,66
2024-02-23,XX,W,352810
2024-02-23,XX,X,1312688
2024-02-23,XX,Y,4302618
2024-02-23,XY,T,1
2024-02-23,XY,W,21273
2024-02-23,XY,X,372191
2024-02-23,XY,Y,1133091
2024-02-23,XZ,T,4
2024-02-23,XZ,W,22432
2024-02-23,XZ,X,196686
2024-02-23,XZ,Y,847629
2024-02-23,YX,W,11564
2024-02-23,YX,X,71387
2024-02-23,YX,Y,324816
2024-02-23,YY,T,1
2024-02-23,YY,W,11857
2024-02-23,YY,X,542781
2024-02-23,YY,Y,3921551
2024-02-23,YZ,W,65
2024-02-23,YZ,X,11937
2024-02-23,YZ,Y,12971
2024-02-23,ZX,T,1
2024-02-23,ZX,W,528
2024-02-23,ZX,X,56768
2024-02-23,ZX,Y,143117
2024-02-24,XX,T,56
2024-02-24,XX,W,324235
2024-02-24,XX,X,1223006
2024-02-24,XX,Y,4061286
2024-02-24,XY,T,9
2024-02-24,XY,W,18973
2024-02-24,XY,X,325745
2024-02-24,XY,Y,1041795
2024-02-24,XZ,T,1
2024-02-24,XZ,W,22734
2024-02-24,XZ,X,193887
2024-02-24,XZ,Y,863474
2024-02-24,YX,W,12038
2024-02-24,YX,X,75837
2024-02-24,YX,Y,328966
2024-02-24,YY,T,3
2024-02-24,YY,W,11166
2024-02-24,YY,X,526451
2024-02-24,YY,Y,3859202
2024-02-24,YZ,W,31
2024-02-24,YZ,X,10995
2024-02-24,YZ,Y,12143
2024-02-24,ZX,W,506
2024-02-24,ZX,X,56474
2024-02-24,ZX,Y,141393
2024-02-25,XX,T,46
2024-02-25,XX,W,310331
2024-02-25,XX,X,1205145
2024-02-25,XX,Y,3969472
2024-02-25,XY,T,7
2024-02-25,XY,W,18124
2024-02-25,XY,X,315245
2024-02-25,XY,Y,1013213
2024-02-25,XZ,T,2
2024-02-25,XZ,W,21338
2024-02-25,XZ,X,197470
2024-02-25,XZ,Y,835298
2024-02-25,YX,W,12433
2024-02-25,YX,X,82807
2024-02-25,YX,Y,336468
2024-02-25,YY,T,1
2024-02-25,YY,W,9684
2024-02-25,YY,X,486719
2024-02-25,YY,Y,3543388
2024-02-25,YZ,W,43
2024-02-25,YZ,X,10978
2024-02-25,YZ,Y,11157
2024-02-25,ZX,T,1
2024-02-25,ZX,W,477
2024-02-25,ZX,X,54946
2024-02-25,ZX,Y,136882
2024-02-26,XX,T,56
2024-02-26,XX,W,373130
2024-02-26,XX,X,1459928
2024-02-26,XX,Y,4468185
2024-02-26,XY,T,6
2024-02-26,XY,W,17493
2024-02-26,XY,X,362294
2024-02-26,XY,Y,1115270
2024-02-26,XZ,W,22397
2024-02-26,XZ,X,200804
2024-02-26,XZ,Y,838041
2024-02-26,YX,W,12393
2024-02-26,YX,X,81047
2024-02-26,YX,Y,334665
2024-02-26,YY,T,4
2024-02-26,YY,W,11887
2024-02-26,YY,X,537678
2024-02-26,YY,Y,3939704
2024-02-26,YZ,W,51
2024-02-26,YZ,X,11728
2024-02-26,YZ,Y,12497
2024-02-26,ZX,W,529
2024-02-26,ZX,X,59127
2024-02-26,ZX,Y,145938
2024-02-27,XX,T,58
2024-02-27,XX,W,384333
2024-02-27,XX,X,1467259
2024-02-27,XX,Y,4502639
2024-02-27,XY,T,7
2024-02-27,XY,W,21537
2024-02-27,XY,X,369774
2024-02-27,XY,Y,1136090
2024-02-27,XZ,T,2
2024-02-27,XZ,W,22204
2024-02-27,XZ,X,194469
2024-02-27,XZ,Y,833488
2024-02-27,YX,W,12232
2024-02-27,YX,X,81120
2024-02-27,YX,Y,328858
2024-02-27,YY,T,1
2024-02-27,YY,W,11921
2024-02-27,YY,X,540727
2024-02-27,YY,Y,3912638
2024-02-27,YZ,W,58
2024-02-27,YZ,X,11855
2024-02-27,YZ,Y,12619
2024-02-27,ZX,T,1
2024-02-27,ZX,W,552
2024-02-27,ZX,X,59776
2024-02-27,ZX,Y,147536
2024-02-28,XX,T,85
2024-02-28,XX,W,384273
2024-02-28,XX,X,1516617
2024-02-28,XX,Y,4530643
2024-02-28,XY,T,4
2024-02-28,XY,W,21395
2024-02-28,XY,X,369067
2024-02-28,XY,Y,1132013
2024-02-28,XZ,T,2
2024-02-28,XZ,W,22069
2024-02-28,XZ,X,194614
2024-02-28,XZ,Y,827003
2024-02-28,YX,W,11966
2024-02-28,YX,X,80010
2024-02-28,YX,Y,327199
2024-02-28,YY,T,3
2024-02-28,YY,W,11771
2024-02-28,YY,X,534316
2024-02-28,YY,Y,3860225
2024-02-28,YZ,W,48
2024-02-28,YZ,X,11502
2024-02-28,YZ,Y,12632
2024-02-28,ZX,W,554
2024-02-28,ZX,X,59656
2024-02-28,ZX,Y,147506
2024-02-29,XX,T,140
2024-02-29,XX,W,393417
2024-02-29,XX,X,1555544
2024-02-29,XX,Y,4616435
2024-02-29,XY,T,15
2024-02-29,XY,W,21953
2024-02-29,XY,X,384861
2024-02-29,XY,Y,1162121
2024-02-29,XZ,T,3
2024-02-29,XZ,W,22963
2024-02-29,XZ,X,213652
2024-02-29,XZ,Y,872548
2024-02-29,YX,W,12393
2024-02-29,YX,X,80509
2024-02-29,YX,Y,341039
2024-02-29,YY,T,6
2024-02-29,YY,W,12100
2024-02-29,YY,X,549102
2024-02-29,YY,Y,4049240
2024-02-29,YZ,W,40
2024-02-29,YZ,X,11722
2024-02-29,YZ,Y,12373
2024-02-29,ZX,T,1
2024-02-29,ZX,W,541
2024-02-29,ZX,X,61591
2024-02-29,ZX,Y,151257
2024-03-01,XX,T,73
2024-03-01,XX,W,377867
2024-03-01,XX,X,1439769
2024-03-01,XX,Y,4521845
2024-03-01,XY,T,7
2024-03-01,XY,W,21280
2024-03-01,XY,X,363657
2024-03-01,XY,Y,1132145
2024-03-01,XZ,T,2
2024-03-01,XZ,W,22344
2024-03-01,XZ,X,200386
2024-03-01,XZ,Y,854896
2024-03-01,YX,T,1
2024-03-01,YX,W,11278
2024-03-01,YX,X,70694
2024-03-01,YX,Y,320080
2024-03-01,YY,T,4
2024-03-01,YY,W,11201
2024-03-01,YY,X,526346
2024-03-01,YY,Y,3842961
2024-03-01,YZ,W,41
2024-03-01,YZ,X,11382
2024-03-01,YZ,Y,12229
2024-03-01,ZX,T,1
2024-03-01,ZX,W,524
2024-03-01,ZX,X,59418
2024-03-01,ZX,Y,148644
2024-03-02,XX,T,58
2024-03-02,XX,W,342514
2024-03-02,XX,X,1261812
2024-03-02,XX,Y,4214986
2024-03-02,XY,T,8
2024-03-02,XY,W,19137
2024-03-02,XY,X,321602
2024-03-02,XY,Y,1050301
2024-03-02,XZ,T,1
2024-03-02,XZ,W,22534
2024-03-02,XZ,X,205767
2024-03-02,XZ,Y,870475
2024-03-02,YX,W,11706
2024-03-02,YX,X,76097
2024-03-02,YX,Y,326840
2024-03-02,YY,T,6
2024-03-02,YY,W,10662
2024-03-02,YY,X,514428
2024-03-02,YY,Y,3792162
2024-03-02,YZ,W,47
2024-03-02,YZ,X,10894
2024-03-02,YZ,Y,11751
2024-03-02,ZX,T,1
2024-03-02,ZX,W,561
2024-03-02,ZX,X,58913
2024-03-02,ZX,Y,148018
2024-03-03,XX,T,52
2024-03-03,XX,W,322681
2024-03-03,XX,X,1228832
2024-03-03,XX,Y,4061422
2024-03-03,XY,T,10
2024-03-03,XY,W,18138
2024-03-03,XY,X,309569
2024-03-03,XY,Y,1008819
2024-03-03,XZ,T,1
2024-03-03,XZ,W,21354
2024-03-03,XZ,X,206330
2024-03-03,XZ,Y,846780
2024-03-03,YX,W,12304
2024-03-03,YX,X,81861
2024-03-03,YX,Y,332716
2024-03-03,YY,T,2
2024-03-03,YY,W,9191
2024-03-03,YY,X,473000
2024-03-03,YY,Y,3431691
2024-03-03,YZ,W,37
2024-03-03,YZ,X,10502
2024-03-03,YZ,Y,10973
2024-03-03,ZX,W,458
2024-03-03,ZX,X,59310
2024-03-03,ZX,Y,141518
2024-03-04,XX,T,92
2024-03-04,XX,W,374019
2024-03-04,XX,X,1484966
2024-03-04,XX,Y,4540594
2024-03-04,XY,T,10
2024-03-04,XY,W,17419
2024-03-04,XY,X,369278
2024-03-04,XY,Y,1124717
2024-03-04,XZ,T,2
2024-03-04,XZ,W,23056
2024-03-04,XZ,X,210862
2024-03-04,XZ,Y,868332
2024-03-04,YX,W,12505
2024-03-04,YX,X,82913
2024-03-04,YX,Y,340363
2024-03-04,YY,T,2
2024-03-04,YY,W,11594
2024-03-04,YY,X,540144
2024-03-04,YY,Y,3964610
2024-03-04,YZ,W,50
2024-03-04,YZ,X,12042
2024-03-04,YZ,Y,12060
2024-03-04,ZX,W,570
2024-03-04,ZX,X,64747
2024-03-04,ZX,Y,153391
2024-03-05,XX,T,70
2024-03-05,XX,W,388172
2024-03-05,XX,X,1499335
2024-03-05,XX,Y,4578463
2024-03-05,XY,T,6
2024-03-05,XY,W,21242
2024-03-05,XY,X,374728
2024-03-05,XY,Y,1131354
2024-03-05,XZ,T,1
2024-03-05,XZ,W,22499
2024-03-05,XZ,X,213470
2024-03-05,XZ,Y,854744
2024-03-05,YX,W,12234
2024-03-05,YX,X,83057
2024-03-05,YX,Y,336476
2024-03-05,YY,W,11585
2024-03-05,YY,X,541346
2024-03-05,YY,Y,3916460
2024-03-05,YZ,W,53
2024-03-05,YZ,X,11909
2024-03-05,YZ,Y,12296
2024-03-05,ZX,T,1
2024-03-05,ZX,W,576
2024-03-05,ZX,X,64750
2024-03-05,ZX,Y,155016
2024-03-06,XX,T,55
2024-03-06,XX,W,385278
2024-03-06,XX,X,1480408
2024-03-06,XX,Y,4566701
2024-03-06,XY,T,4
2024-03-06,XY,W,21383
2024-03-06,XY,X,376642
2024-03-06,XY,Y,1134494
2024-03-06,XZ,T,2
2024-03-06,XZ,W,22080
2024-03-06,XZ,X,204978
2024-03-06,XZ,Y,843806
2024-03-06,YX,T,1
2024-03-06,YX,W,11927
2024-03-06,YX,X,81114
2024-03-06,YX,Y,337347
2024-03-06,YY,T,6
2024-03-06,YY,W,11397
2024-03-06,YY,X,534862
2024-03-06,YY,Y,3851610
2024-03-06,YZ,W,51
2024-03-06,YZ,X,11042
2024-03-06,YZ,Y,12007
2024-03-06,ZX,T,1
2024-03-06,ZX,W,523
2024-03-06,ZX,X,61194
2024-03-06,ZX,Y,152529
2024-03-07,XX,T,65
2024-03-07,XX,W,376613
2024-03-07,XX,X,1419768
2024-03-07,XX,Y,4562901
2024-03-07,XY,T,7
2024-03-07,XY,W,21328
2024-03-07,XY,X,369901
2024-03-07,XY,Y,1131665
2024-03-07,XZ,T,3
2024-03-07,XZ,W,22117
2024-03-07,XZ,X,199671
2024-03-07,XZ,Y,852488
2024-03-07,YX,W,12159
2024-03-07,YX,X,80387
2024-03-07,YX,Y,339489
2024-03-07,YY,T,3
2024-03-07,YY,W,11872
2024-03-07,YY,X,555578
2024-03-07,YY,Y,4056487
2024-03-07,YZ,W,44
2024-03-07,YZ,X,11162
2024-03-07,YZ,Y,11893
2024-03-07,ZX,T,1
2024-03-07,ZX,W,516
2024-03-07,ZX,X,60196
2024-03-07,ZX,Y,154059
2024-03-08,XX,T,56
2024-03-08,XX,W,360839
2024-03-08,XX,X,1405020
2024-03-08,XX,Y,4440835
2024-03-08,XY,T,6
2024-03-08,XY,W,22000
2024-03-08,XY,X,380642
2024-03-08,XY,Y,1180445
2024-03-08,XZ,T,1
2024-03-08,XZ,W,23702
2024-03-08,XZ,X,215915
2024-03-08,XZ,Y,911624
2024-03-08,YX,W,11926
2024-03-08,YX,X,74275
2024-03-08,YX,Y,339482
2024-03-08,YY,T,6
2024-03-08,YY,W,11328
2024-03-08,YY,X,528267
2024-03-08,YY,Y,3891366
2024-03-08,YZ,W,64
2024-03-08,YZ,X,11494
2024-03-08,YZ,Y,12355
2024-03-08,ZX,W,498
2024-03-08,ZX,X,58684
2024-03-08,ZX,Y,149740
2024-03-09,XX,T,58
2024-03-09,XX,W,329863
2024-03-09,XX,X,1246816
2024-03-09,XX,Y,4100285
2024-03-09,XY,T,6
2024-03-09,XY,W,19030
2024-03-09,XY,X,325239
2024-03-09,XY,Y,1054189
2024-03-09,XZ,T,1
2024-03-09,XZ,W,22465
2024-03-09,XZ,X,211954
2024-03-09,XZ,Y,881940
2024-03-09,YX,T,1
2024-03-09,YX,W,11941
2024-03-09,YX,X,77952
2024-03-09,YX,Y,336152
2024-03-09,YY,T,3
2024-03-09,YY,W,10557
2024-03-09,YY,X,519137
2024-03-09,YY,Y,3785131
2024-03-09,YZ,W,54
2024-03-09,YZ,X,10978
2024-03-09,YZ,Y,11699
2024-03-09,ZX,T,1
2024-03-09,ZX,W,498
2024-03-09,ZX,X,58385
2024-03-09,ZX,Y,145022
2024-03-10,XX,T,161
2024-03-10,XX,W,325105
2024-03-10,XX,X,1230438
2024-03-10,XX,Y,4020392
2024-03-10,XY,T,12
2024-03-10,XY,W,18011
2024-03-10,XY,X,308290
2024-03-10,XY,Y,1009098
2024-03-10,XZ,T,2
2024-03-10,XZ,W,21551
2024-03-10,XZ,X,206246
2024-03-10,XZ,Y,867683
2024-03-10,YX,W,12392
2024-03-10,YX,X,83793
2024-03-10,YX,Y,343846
2024-03-10,YY,T,1
2024-03-10,YY,W,8825
2024-03-10,YY,X,470610
2024-03-10,YY,Y,3446907
2024-03-10,YZ,W,55
2024-03-10,YZ,X,10577
2024-03-10,YZ,Y,10931
2024-03-10,ZX,T,2
2024-03-10,ZX,W,474
2024-03-10,ZX,X,59081
2024-03-10,ZX,Y,142460
2024-03-11,XX,T,68
2024-03-11,XX,W,390800
2024-03-11,XX,X,1496176
2024-03-11,XX,Y,4509591
2024-03-11,XY,T,4
2024-03-11,XY,W,20727
2024-03-11,XY,X,369622
2024-03-11,XY,Y,1115671
2024-03-11,XZ,T,3
2024-03-11,XZ,W,21938
2024-03-11,XZ,X,201330
2024-03-11,XZ,Y,848115
2024-03-11,YX,W,11249
2024-03-11,YX,X,74262
2024-03-11,YX,Y,327292
2024-03-11,YY,T,2
2024-03-11,YY,W,9166
2024-03-11,YY,X,475630
2024-03-11,YY,Y,3442974
2024-03-11,YZ,W,34
2024-03-11,YZ,X,11053
2024-03-11,YZ,Y,12148
2024-03-11,ZX,W,512
2024-03-11,ZX,X,58924
2024-03-11,ZX,Y,147283
2024-03-12,XX,T,76
2024-03-12,XX,W,401770
2024-03-12,XX,X,1509620
2024-03-12,XX,Y,4550252
2024-03-12,XY,T,3
2024-03-12,XY,W,21024
2024-03-12,XY,X,375948
2024-03-12,XY,Y,1127551
2024-03-12,XZ,T,1
2024-03-12,XZ,W,21445
2024-03-12,XZ,X,206536
2024-03-12,XZ,Y,835611
2024-03-12,YX,W,11685
2024-03-12,YX,X,79627
2024-03-12,YX,Y,334632
2024-03-12,YY,T,1
2024-03-12,YY,W,9928
2024-03-12,YY,X,492946
2024-03-12,YY,Y,3537289
2024-03-12,YZ,W,33
2024-03-12,YZ,X,11210
2024-03-12,YZ,Y,12040
2024-03-12,ZX,T,1
2024-03-12,ZX,W,472
2024-03-12,ZX,X,59551
2024-03-12,ZX,Y,147202
2024-03-13,XX,T,64
2024-03-13,XX,W,399695
2024-03-13,XX,X,1503555
2024-03-13,XX,Y,4543354
2024-03-13,XY,T,9
2024-03-13,XY,W,20953
2024-03-13,XY,X,380069
2024-03-13,XY,Y,1131517
2024-03-13,XZ,T,2
2024-03-13,XZ,W,21995
2024-03-13,XZ,X,208395
2024-03-13,XZ,Y,845942
2024-03-13,YX,W,12011
2024-03-13,YX,X,81796
2024-03-13,YX,Y,339261
2024-03-13,YY,T,3
2024-03-13,YY,W,11053
2024-03-13,YY,X,528138
2024-03-13,YY,Y,3807124
2024-03-13,YZ,W,44
2024-03-13,YZ,X,11317
2024-03-13,YZ,Y,12186
2024-03-13,ZX,T,1
2024-03-13,ZX,W,529
2024-03-13,ZX,X,60008
2024-03-13,ZX,Y,146928
2024-03-14,XX,T,125
2024-03-14,XX,W,406167
2024-03-14,XX,X,1532804
2024-03-14,XX,Y,4620570
2024-03-14,XY,T,6
2024-03-14,XY,W,21412
2024-03-14,XY,X,396634
2024-03-14,XY,Y,1161227
2024-03-14,XZ,T,2
2024-03-14,XZ,W,23059
2024-03-14,XZ,X,229034
2024-03-14,XZ,Y,893222
2024-03-14,YX,W,12744
2024-03-14,YX,X,83272
2024-03-14,YX,Y,354352
2024-03-14,YY,W,11516
2024-03-14,YY,X,555245
2024-03-14,YY,Y,4036581
2024-03-14,YZ,W,47
2024-03-14,YZ,X,11466
2024-03-14,YZ,Y,12368
2024-03-14,ZX,T,1
2024-03-14,ZX,W,578
2024-03-14,ZX,X,63382
2024-03-14,ZX,Y,151373
2024-03-15,XX,T,78
2024-03-15,XX,W,396979
2024-03-15,XX,X,1438191
2024-03-15,XX,Y,4644022
2024-03-15,XY,T,3
2024-03-15,XY,W,21244
2024-03-15,XY,X,376234
2024-03-15,XY,Y,1179913
2024-03-15,XZ,T,1
2024-03-15,XZ,W,22315
2024-03-15,XZ,X,210365
2024-03-15,XZ,Y,902748
2024-03-15,YX,W,11508
2024-03-15,YX,X,74857
2024-03-15,YX,Y,346026
2024-03-15,YY,W,11172
2024-03-15,YY,X,543637
2024-03-15,YY,Y,4159209
2024-03-15,YZ,W,47
2024-03-15,YZ,X,11143
2024-03-15,YZ,Y,14068
2024-03-15,ZX,T,2
2024-03-15,ZX,W,525
2024-03-15,ZX,X,60867
2024-03-15,ZX,Y,149820
2024-03-16,XX,T,62
2024-03-16,XX,W,351953
2024-03-16,XX,X,1239104
2024-03-16,XX,Y,4512156
2024-03-16,XY,T,4
2024-03-16,XY,W,18900
2024-03-16,XY,X,322911
2024-03-16,XY,Y,1149831
2024-03-16,XZ,T,1
2024-03-16,XZ,W,21784
2024-03-16,XZ,X,206269
2024-03-16,XZ,Y,953066
2024-03-16,YX,T,1
2024-03-16,YX,W,11714
2024-03-16,YX,X,78959
2024-03-16,YX,Y,373996
2024-03-16,YY,T,3
2024-03-16,YY,W,10731
2024-03-16,YY,X,533159
2024-03-16,YY,Y,4530277
2024-03-16,YZ,W,47
2024-03-16,YZ,X,10427
2024-03-16,YZ,Y,15665
2024-03-16,ZX,T,1
2024-03-16,ZX,W,473
2024-03-16,ZX,X,56903
2024-03-16,ZX,Y,148363
2024-03-17,XX,T,62
2024-03-17,XX,W,339221
2024-03-17,XX,X,1219086
2024-03-17,XX,Y,4444549
2024-03-17,XY,W,18101
2024-03-17,XY,X,316235
2024-03-17,XY,Y,1127123
2024-03-17,XZ,T,3
2024-03-17,XZ,W,21199
2024-03-17,XZ,X,210989
2024-03-17,XZ,Y,953952
2024-03-17,YX,T,1
2024-03-17,YX,W,12553
2024-03-17,YX,X,86602
2024-03-17,YX,Y,394117
2024-03-17,YY,T,2
2024-03-17,YY,W,9301
2024-03-17,YY,X,499235
2024-03-17,YY,Y,4388134
2024-03-17,YZ,W,39
2024-03-17,YZ,X,10183
2024-03-17,YZ,Y,15224
2024-03-17,ZX,T,1
2024-03-17,ZX,W,462
2024-03-17,ZX,X,54544
2024-03-17,ZX,Y,147292
2024-03-18,XX,T,77
2024-03-18,XX,W,381931
2024-03-18,XX,X,1440000
2024-03-18,XX,Y,4744197
2024-03-18,XY,T,4
2024-03-18,XY,W,20594
2024-03-18,XY,X,373057
2024-03-18,XY,Y,1206286
2024-03-18,XZ,T,1
2024-03-18,XZ,W,21834
2024-03-18,XZ,X,206323
2024-03-18,XZ,Y,928629
2024-03-18,YX,W,12247
2024-03-18,YX,X,86015
2024-03-18,YX,Y,393565
2024-03-18,YY,T,4
2024-03-18,YY,W,11293
2024-03-18,YY,X,570059
2024-03-18,YY,Y,4763017
2024-03-18,YZ,W,36
2024-03-18,YZ,X,11204
2024-03-18,YZ,Y,15781
2024-03-18,ZX,T,1
2024-03-18,ZX,W,484
2024-03-18,ZX,X,58396
2024-03-18,ZX,Y,154990
2024-03-19,XX,T,62
2024-03-19,XX,W,396773
2024-03-19,XX,X,1488933
2024-03-19,XX,Y,4754796
2024-03-19,XY,T,4
2024-03-19,XY,W,17599
2024-03-19,XY,X,380648
2024-03-19,XY,Y,1195343
2024-03-19,XZ,T,2
2024-03-19,XZ,W,21546
2024-03-19,XZ,X,195854
2024-03-19,XZ,Y,884414
2024-03-19,YX,T,1
2024-03-19,YX,W,12393
2024-03-19,YX,X,86559
2024-03-19,YX,Y,387509
2024-03-19,YY,T,2
2024-03-19,YY,W,11308
2024-03-19,YY,X,561596
2024-03-19,YY,Y,4573835
2024-03-19,YZ,W,54
2024-03-19,YZ,X,15123
2024-03-19,YZ,Y,15414
2024-03-19,ZX,T,1
2024-03-19,ZX,W,520
2024-03-19,ZX,X,59782
2024-03-19,ZX,Y,155586
2024-03-20,XX,T,72
2024-03-20,XX,W,387630
2024-03-20,XX,X,1498890
2024-03-20,XX,Y,4699199
2024-03-20,XY,T,3
2024-03-20,XY,W,17284
2024-03-20,XY,X,388994
2024-03-20,XY,Y,1173216
2024-03-20,XZ,T,1
2024-03-20,XZ,W,21454
2024-03-20,XZ,X,200244
2024-03-20,XZ,Y,866199
2024-03-20,YX,W,12525
2024-03-20,YX,X,87343
2024-03-20,YX,Y,378235
2024-03-20,YY,T,7
2024-03-20,YY,W,11761
2024-03-20,YY,X,578965
2024-03-20,YY,Y,4759642
2024-03-20,YZ,W,41
2024-03-20,YZ,X,13488
2024-03-20,YZ,Y,13910
2024-03-20,ZX,T,1
2024-03-20,ZX,W,496
2024-03-20,ZX,X,59732
2024-03-20,ZX,Y,154727
2024-03-21,XX,T,77
2024-03-21,XX,W,391905
2024-03-21,XX,X,1545470
2024-03-21,XX,Y,4701366
2024-03-21,XY,T,4
2024-03-21,XY,W,17592
2024-03-21,XY,X,397922
2024-03-21,XY,Y,1178535
2024-03-21,XZ,T,3
2024-03-21,XZ,W,22388
2024-03-21,XZ,X,216468
2024-03-21,XZ,Y,893482
2024-03-21,YX,T,1
2024-03-21,YX,W,13008
2024-03-21,YX,X,85785
2024-03-21,YX,Y,379298
2024-03-21,YY,T,3
2024-03-21,YY,W,12837
2024-03-21,YY,X,612585
2024-03-21,YY,Y,5121598
2024-03-21,YZ,W,50
2024-03-21,YZ,X,13565
2024-03-21,YZ,Y,13109
2024-03-21,ZX,T,1
2024-03-21,ZX,W,510
2024-03-21,ZX,X,61866
2024-03-21,ZX,Y,150643
2024-03-22,XX,T,78
2024-03-22,XX,W,462386
2024-03-22,XX,X,1624193
2024-03-22,XX,Y,5052155
2024-03-22,XY,T,1
2024-03-22,XY,W,20649
2024-03-22,XY,X,433259
2024-03-22,XY,Y,1330248
2024-03-22,XZ,T,4
2024-03-22,XZ,W,27161
2024-03-22,XZ,X,241381
2024-03-22,XZ,Y,1009929
2024-03-22,YX,W,11598
2024-03-22,YX,X,77597
2024-03-22,YX,Y,348579
2024-03-22,YY,T,3
2024-03-22,YY,W,10835
2024-03-22,YY,X,561987
2024-03-22,YY,Y,4172597
2024-03-22,YZ,W,37
2024-03-22,YZ,X,12584
2024-03-22,YZ,Y,12816
2024-03-22,ZX,W,628
2024-03-22,ZX,X,71259
2024-03-22,ZX,Y,173348
2024-03-23,XX,T,67
2024-03-23,XX,W,345008
2024-03-23,XX,X,1346873
2024-03-23,XX,Y,4331275
2024-03-23,XY,T,8
2024-03-23,XY,W,19237
2024-03-23,XY,X,362971
2024-03-23,XY,Y,1099709
2024-03-23,XZ,T,3
2024-03-23,XZ,W,21903
2024-03-23,XZ,X,212014
2024-03-23,XZ,Y,874925
2024-03-23,YX,T,1
2024-03-23,YX,W,12144
2024-03-23,YX,X,83501
2024-03-23,YX,Y,355627
2024-03-23,YY,T,2
2024-03-23,YY,W,10481
2024-03-23,YY,X,549461
2024-03-23,YY,Y,4026823
2024-03-23,YZ,W,42
2024-03-23,YZ,X,12076
2024-03-23,YZ,Y,12002
2024-03-23,ZX,T,1
2024-03-23,ZX,W,519
2024-03-23,ZX,X,62240
2024-03-23,ZX,Y,152412
2024-03-24,XX,T,73
2024-03-24,XX,W,308072
2024-03-24,XX,X,1231995
2024-03-24,XX,Y,4036561
2024-03-24,XY,T,1
2024-03-24,XY,W,17653
2024-03-24,XY,X,342575
2024-03-24,XY,Y,1032598
2024-03-24,XZ,T,1
2024-03-24,XZ,W,20083
2024-03-24,XZ,X,205170
2024-03-24,XZ,Y,822721
2024-03-24,YX,T,1
2024-03-24,YX,W,12447
2024-03-24,YX,X,88483
2024-03-24,YX,Y,359180
2024-03-24,YY,T,6
2024-03-24,YY,W,9043
2024-03-24,YY,X,502822
2024-03-24,YY,Y,3624899
2024-03-24,YZ,W,43
2024-03-24,YZ,X,11350
2024-03-24,YZ,Y,11310
2024-03-24,ZX,W,466
2024-03-24,ZX,X,58477
2024-03-24,ZX,Y,142720
2024-03-25,XX,T,73
2024-03-25,XX,W,368051
2024-03-25,XX,X,1454299
2024-03-25,XX,Y,4505735
2024-03-25,XY,T,6
2024-03-25,XY,W,20545
2024-03-25,XY,X,386174
2024-03-25,XY,Y,1137932
2024-03-25,XZ,T,2
2024-03-25,XZ,W,21122
2024-03-25,XZ,X,203166
2024-03-25,XZ,Y,833144
2024-03-25,YX,W,16928
2024-03-25,YX,X,98188
2024-03-25,YX,Y,422212
2024-03-25,YY,T,4
2024-03-25,YY,W,11015
2024-03-25,YY,X,542410
2024-03-25,YY,Y,4048831
2024-03-25,YZ,W,53
2024-03-25,YZ,X,12718
2024-03-25,YZ,Y,12408
2024-03-25,ZX,T,1
2024-03-25,ZX,W,507
2024-03-25,ZX,X,61510
2024-03-25,ZX,Y,151900
2024-03-26,XX,T,67
2024-03-26,XX,W,381123
2024-03-26,XX,X,1487202
2024-03-26,XX,Y,4576866
2024-03-26,XY,T,3
2024-03-26,XY,W,20823
2024-03-26,XY,X,386762
2024-03-26,XY,Y,1147862
2024-03-26,XZ,T,1
2024-03-26,XZ,W,21204
2024-03-26,XZ,X,218217
2024-03-26,XZ,Y,843942
2024-03-26,YX,T,1
2024-03-26,YX,W,13039
2024-03-26,YX,X,91763
2024-03-26,YX,Y,366953
2024-03-26,YY,T,2
2024-03-26,YY,W,11130
2024-03-26,YY,X,549603
2024-03-26,YY,Y,4096006
2024-03-26,YZ,W,54
2024-03-26,YZ,X,12698
2024-03-26,YZ,Y,12366
2024-03-26,ZX,W,547
2024-03-26,ZX,X,61426
2024-03-26,ZX,Y,153088
2024-03-27,XX,T,57
2024-03-27,XX,W,385507
2024-03-27,XX,X,1505123
2024-03-27,XX,Y,4599880
2024-03-27,XY,T,1
2024-03-27,XY,W,18394
2024-03-27,XY,X,385261
2024-03-27,XY,Y,1143832
2024-03-27,XZ,T,1
2024-03-27,XZ,W,21755
2024-03-27,XZ,X,222038
2024-03-27,XZ,Y,869452
2024-03-27,YX,W,12805
2024-03-27,YX,X,89678
2024-03-27,YX,Y,363314
2024-03-27,YY,T,3
2024-03-27,YY,W,11036
2024-03-27,YY,X,544808
2024-03-27,YY,Y,4062665
2024-03-27,YZ,W,43
2024-03-27,YZ,X,12954
2024-03-27,YZ,Y,12221
2024-03-27,ZX,T,2
2024-03-27,ZX,W,496
2024-03-27,ZX,X,61391
2024-03-27,ZX,Y,151441
2024-03-28,XX,T,100
2024-03-28,XX,W,386826
2024-03-28,XX,X,1523943
2024-03-28,XX,Y,4626395
2024-03-28,XY,T,6
2024-03-28,XY,W,17367
2024-03-28,XY,X,393305
2024-03-28,XY,Y,1156563
2024-03-28,XZ,T,2
2024-03-28,XZ,W,23132
2024-03-28,XZ,X,244083
2024-03-28,XZ,Y,919270
2024-03-28,YX,T,1
2024-03-28,YX,W,13413
2024-03-28,YX,X,89274
2024-03-28,YX,Y,373626
2024-03-28,YY,T,6
2024-03-28,YY,W,11380
2024-03-28,YY,X,555189
2024-03-28,YY,Y,4174864
2024-03-28,YZ,W,44
2024-03-28,YZ,X,12698
2024-03-28,YZ,Y,12394
2024-03-28,ZX,T,1
2024-03-28,ZX,W,518
2024-03-28,ZX,X,62843
2024-03-28,ZX,Y,154163
2024-03-29,XX,T,63
2024-03-29,XX,W,376888
2024-03-29,XX,X,1454833
2024-03-29,XX,Y,4549523
2024-03-29,XY,T,10
2024-03-29,XY,W,17151
2024-03-29,XY,X,370983
2024-03-29,XY,Y,1135625
2024-03-29,XZ,T,1
2024-03-29,XZ,W,22385
2024-03-29,XZ,X,226513
2024-03-29,XZ,Y,887643
2024-03-29,YX,W,11978
2024-03-29,YX,X,80818
2024-03-29,YX,Y,348462
2024-03-29,YY,T,9
2024-03-29,YY,W,9229
2024-03-29,YY,X,491014
2024-03-29,YY,Y,3611223
2024-03-29,YZ,W,42
2024-03-29,YZ,X,11904
2024-03-29,YZ,Y,12606
2024-03-29,ZX,T,1
2024-03-29,ZX,W,486
2024-03-29,ZX,X,60052
2024-03-29,ZX,Y,149161
2024-03-30,XX,T,47
2024-03-30,XX,W,321858
2024-03-30,XX,X,1239632
2024-03-30,XX,Y,4195048
2024-03-30,XY,T,6
2024-03-30,XY,W,14945
2024-03-30,XY,X,318133
2024-03-30,XY,Y,1048265
2024-03-30,XZ,T,1
2024-03-30,XZ,W,22307
2024-03-30,XZ,X,223265
2024-03-30,XZ,Y,895744
2024-03-30,YX,T,1
2024-03-30,YX,W,12647
2024-03-30,YX,X,86393
2024-03-30,YX,Y,358365
2024-03-30,YY,T,1
2024-03-30,YY,W,10199
2024-03-30,YY,X,519160
2024-03-30,YY,Y,3877788
2024-03-30,YZ,W,29
2024-03-30,YZ,X,11004
2024-03-30,YZ,Y,11811
2024-03-30,ZX,T,1
2024-03-30,ZX,W,476
2024-03-30,ZX,X,57683
2024-03-30,ZX,Y,144511
2024-03-31,XX,T,54
2024-03-31,XX,W,305313
2024-03-31,XX,X,1167201
2024-03-31,XX,Y,4027970
2024-03-31,XY,T,2
2024-03-31,XY,W,13892
2024-03-31,XY,X,293602
2024-03-31,XY,Y,1005689
2024-03-31,XZ,T,3
2024-03-31,XZ,W,21021
2024-03-31,XZ,X,219889
2024-03-31,XZ,Y,879856
2024-03-31,YX,W,12670
2024-03-31,YX,X,91452
2024-03-31,YX,Y,361992
2024-03-31,YY,T,3
2024-03-31,YY,W,8918
2024-03-31,YY,X,481511
2024-03-31,YY,Y,3531636
2024-03-31,YZ,W,29
2024-03-31,YZ,X,10404
2024-03-31,YZ,Y,10762
2024-03-31,ZX,T,2
2024-03-31,ZX,W,457
2024-03-31,ZX,X,54936
2024-03-31,ZX,Y,139862
2024-04-01,XX,T,66
2024-04-01,XX,W,363454
2024-04-01,XX,X,1405834
2024-04-01,XX,Y,4497144
2024-04-01,XY,T,4
2024-04-01,XY,W,16570
2024-04-01,XY,X,360412
2024-04-01,XY,Y,1122735
2024-04-01,XZ,W,22954
2024-04-01,XZ,X,243188
2024-04-01,XZ,Y,931033
2024-04-01,YX,T,1
2024-04-01,YX,W,13126
2024-04-01,YX,X,90076
2024-04-01,YX,Y,371325
2024-04-01,YY,T,1
2024-04-01,YY,W,11051
2024-04-01,YY,X,542194
2024-04-01,YY,Y,4105377
2024-04-01,YZ,W,43
2024-04-01,YZ,X,12074
2024-04-01,YZ,Y,12812
2024-04-01,ZX,T,2
2024-04-01,ZX,W,487
2024-04-01,ZX,X,58308
2024-04-01,ZX,Y,150245
2024-04-02,XX,T,78
2024-04-02,XX,W,372645
2024-04-02,XX,X,1435442
2024-04-02,XX,Y,4534055
2024-04-02,XY,T,2
2024-04-02,XY,W,17285
2024-04-02,XY,X,377073
2024-04-02,XY,Y,1141929
2024-04-02,XZ,T,2
2024-04-02,XZ,W,22017
2024-04-02,XZ,X,226223
2024-04-02,XZ,Y,885649
2024-04-02,YX,W,12669
2024-04-02,YX,X,89531
2024-04-02,YX,Y,363301
2024-04-02,YY,T,4
2024-04-02,YY,W,10944
2024-04-02,YY,X,542171
2024-04-02,YY,Y,4033516
2024-04-02,YZ,W,31
2024-04-02,YZ,X,11792
2024-04-02,YZ,Y,12917
2024-04-02,ZX,W,513
2024-04-02,ZX,X,58900
2024-04-02,ZX,Y,149602
2024-04-03,XX,T,79
2024-04-03,XX,W,395713
2024-04-03,XX,X,1470941
2024-04-03,XX,Y,4654153
2024-04-03,XY,T,6
2024-04-03,XY,W,17016
2024-04-03,XY,X,378192
2024-04-03,XY,Y,1131678
2024-04-03,XZ,T,2
2024-04-03,XZ,W,21726
2024-04-03,XZ,X,223421
2024-04-03,XZ,Y,877091
2024-04-03,YX,W,12540
2024-04-03,YX,X,88150
2024-04-03,YX,Y,362408
2024-04-03,YY,T,1
2024-04-03,YY,W,11173
2024-04-03,YY,X,538707
2024-04-03,YY,Y,4058289
2024-04-03,YZ,W,33
2024-04-03,YZ,X,11618
2024-04-03,YZ,Y,13398
2024-04-03,ZX,T,3
2024-04-03,ZX,W,497
2024-04-03,ZX,X,59173
2024-04-03,ZX,Y,149819
2024-04-04,XX,T,69
2024-04-04,XX,W,553033
2024-04-04,XX,X,1515041
2024-04-04,XX,Y,4642372
2024-04-04,XY,T,6
2024-04-04,XY,W,17229
2024-04-04,XY,X,390323
2024-04-04,XY,Y,1144572
2024-04-04,XZ,T,2
2024-04-04,XZ,W,22471
2024-04-04,XZ,X,241418
2024-04-04,XZ,Y,911835
2024-04-04,YX,W,13321
2024-04-04,YX,X,89878
2024-04-04,YX,Y,376680
2024-04-04,YY,T,3
2024-04-04,YY,W,11265
2024-04-04,YY,X,552309
2024-04-04,YY,Y,4159034
2024-04-04,YZ,W,34
2024-04-04,YZ,X,11678
2024-04-04,YZ,Y,13399
2024-04-04,ZX,T,1
2024-04-04,ZX,W,526
2024-04-04,ZX,X,60717
2024-04-04,ZX,Y,152226
2024-04-05,XX,T,78
2024-04-05,XX,W,360404
2024-04-05,XX,X,1423171
2024-04-05,XX,Y,4512628
2024-04-05,XY,T,12
2024-04-05,XY,W,16773
2024-04-05,XY,X,365270
2024-04-05,XY,Y,1130059
2024-04-05,XZ,T,1
2024-04-05,XZ,W,22529
2024-04-05,XZ,X,222179
2024-04-05,XZ,Y,909599
2024-04-05,YX,W,12038
2024-04-05,YX,X,79945
2024-04-05,YX,Y,352105
2024-04-05,YY,T,3
2024-04-05,YY,W,10717
2024-04-05,YY,X,528341
2024-04-05,YY,Y,4015491
2024-04-05,YZ,W,34
2024-04-05,YZ,X,11288
2024-04-05,YZ,Y,13764
2024-04-05,ZX,T,2
2024-04-05,ZX,W,495
2024-04-05,ZX,X,59369
2024-04-05,ZX,Y,150200
2024-04-06,XX,T,54
2024-04-06,XX,W,312736
2024-04-06,XX,X,1248451
2024-04-06,XX,Y,4207723
2024-04-06,XY,T,9
2024-04-06,XY,W,14738
2024-04-06,XY,X,318442
2024-04-06,XY,Y,1047346
2024-04-06,XZ,T,1
2024-04-06,XZ,W,21856
2024-04-06,XZ,X,221340
2024-04-06,XZ,Y,895655
2024-04-06,YX,T,1
2024-04-06,YX,W,12371
2024-04-06,YX,X,84241
2024-04-06,YX,Y,357007
2024-04-06,YY,T,4
2024-04-06,YY,W,10090
2024-04-06,YY,X,517716
2024-04-06,YY,Y,3866394
2024-04-06,YZ,W,33
2024-04-06,YZ,X,10519
2024-04-06,YZ,Y,12933
2024-04-06,ZX,T,3
2024-04-06,ZX,W,469
2024-04-06,ZX,X,56592
2024-04-06,ZX,Y,144167
2024-04-07,XX,T,84
2024-04-07,XX,W,306070
2024-04-07,XX,X,1206718
2024-04-07,XX,Y,4078041
2024-04-07,XY,T,6
2024-04-07,XY,W,13819
2024-04-07,XY,X,301321
2024-04-07,XY,Y,1008383
2024-04-07,XZ,T,1
2024-04-07,XZ,W,20775
2024-04-07,XZ,X,223512
2024-04-07,XZ,Y,877352
2024-04-07,YX,W,12713
2024-04-07,YX,X,88246
2024-04-07,YX,Y,364704
2024-04-07,YY,T,3
2024-04-07,YY,W,8853
2024-04-07,YY,X,469970
2024-04-07,YY,Y,3552822
2024-04-07,YZ,W,33
2024-04-07,YZ,X,10440
2024-04-07,YZ,Y,12029
2024-04-07,ZX,W,439
2024-04-07,ZX,X,53887
2024-04-07,ZX,Y,139554
2024-04-08,XX,T,63
2024-04-08,XX,W,355923
2024-04-08,XX,X,1419276
2024-04-08,XX,Y,4471024
2024-04-08,XY,T,8
2024-04-08,XY,W,16532
2024-04-08,XY,X,361163
2024-04-08,XY,Y,1122380
2024-04-08,XZ,T,2
2024-04-08,XZ,W,21625
2024-04-08,XZ,X,225754
2024-04-08,XZ,Y,893890
2024-04-08,YX,W,12423
2024-04-08,YX,X,84303
2024-04-08,YX,Y,362045
2024-04-08,YY,T,2
2024-04-08,YY,W,9485
2024-04-08,YY,X,477103
2024-04-08,YY,Y,3674803
2024-04-08,YZ,W,40
2024-04-08,YZ,X,11486
2024-04-08,YZ,Y,13746
2024-04-08,ZX,T,3
2024-04-08,ZX,W,464
2024-04-08,ZX,X,58247
2024-04-08,ZX,Y,148907
2024-04-09,XX,T,74
2024-04-09,XX,W,370625
2024-04-09,XX,X,1464506
2024-04-09,XX,Y,4557237
2024-04-09,XY,T,6
2024-04-09,XY,W,16917
2024-04-09,XY,X,369249
2024-04-09,XY,Y,1133774
2024-04-09,XZ,T,3
2024-04-09,XZ,W,20790
2024-04-09,XZ,X,216099
2024-04-09,XZ,Y,866597
2024-04-09,YX,T,1
2024-04-09,YX,W,12254
2024-04-09,YX,X,81336
2024-04-09,YX,Y,357226
2024-04-09,YY,T,3
2024-04-09,YY,W,8689
2024-04-09,YY,X,440438
2024-04-09,YY,Y,3446233
2024-04-09,YZ,W,47
2024-04-09,YZ,X,11023
2024-04-09,YZ,Y,13552
2024-04-09,ZX,T,2
2024-04-09,ZX,W,465
2024-04-09,ZX,X,58302
2024-04-09,ZX,Y,148674
2024-04-10,XX,T,76
2024-04-10,XX,W,379543
2024-04-10,XX,X,1474590
2024-04-10,XX,Y,4575760
2024-04-10,XY,T,7
2024-04-10,XY,W,16909
2024-04-10,XY,X,373850
2024-04-10,XY,Y,1137806
2024-04-10,XZ,T,2
2024-04-10,XZ,W,21352
2024-04-10,XZ,X,213788
2024-04-10,XZ,Y,898621
2024-04-10,YX,W,12835
2024-04-10,YX,X,84520
2024-04-10,YX,Y,372913
2024-04-10,YY,T,4
2024-04-10,YY,W,7026
2024-04-10,YY,X,375756
2024-04-10,YY,Y,2892479
2024-04-10,YZ,W,48
2024-04-10,YZ,X,10858
2024-04-10,YZ,Y,13758
2024-04-10,ZX,T,2
2024-04-10,ZX,W,458
2024-04-10,ZX,X,56132
2024-04-10,ZX,Y,145470
2024-04-11,XX,T,69
2024-04-11,XX,W,378353
2024-04-11,XX,X,1533530
2024-04-11,XX,Y,4626686
2024-04-11,XY,T,4
2024-04-11,XY,W,17416
2024-04-11,XY,X,396991
2024-04-11,XY,Y,1164217
2024-04-11,XZ,T,4
2024-04-11,XZ,W,21931
2024-04-11,XZ,X,241056
2024-04-11,XZ,Y,926137
2024-04-11,YX,W,13100
2024-04-11,YX,X,85424
2024-04-11,YX,Y,377621
2024-04-11,YY,T,3
2024-04-11,YY,W,8194
2024-04-11,YY,X,438198
2024-04-11,YY,Y,3404451
2024-04-11,YZ,W,50
2024-04-11,YZ,X,11338
2024-04-11,YZ,Y,13894
2024-04-11,ZX,T,1
2024-04-11,ZX,W,537
2024-04-11,ZX,X,63413
2024-04-11,ZX,Y,156586
2024-04-12,XX,T,62
2024-04-12,XX,W,376426
2024-04-12,XX,X,1491587
2024-04-12,XX,Y,4591858
2024-04-12,XY,T,4
2024-04-12,XY,W,16913
2024-04-12,XY,X,379072
2024-04-12,XY,Y,1135453
2024-04-12,XZ,T,4
2024-04-12,XZ,W,21321
2024-04-12,XZ,X,237069
2024-04-12,XZ,Y,904496
2024-04-12,YX,W,12632
2024-04-12,YX,X,84934
2024-04-12,YX,Y,367092
2024-04-12,YY,T,2
2024-04-12,YY,W,8865
2024-04-12,YY,X,464796
2024-04-12,YY,Y,3604664
2024-04-12,YZ,W,47
2024-04-12,YZ,X,11315
2024-04-12,YZ,Y,14037
2024-04-12,ZX,T,2
2024-04-12,ZX,W,509
2024-04-12,ZX,X,64935
2024-04-12,ZX,Y,157144
2024-04-13,XX,T,63
2024-04-13,XX,W,341917
2024-04-13,XX,X,1309921
2024-04-13,XX,Y,4288238
2024-04-13,XY,T,10
2024-04-13,XY,W,15238
2024-04-13,XY,X,346272
2024-04-13,XY,Y,1067050
2024-04-13,XZ,T,3
2024-04-13,XZ,W,21806
2024-04-13,XZ,X,249004
2024-04-13,XZ,Y,912699
2024-04-13,YX,W,13363
2024-04-13,YX,X,91290
2024-04-13,YX,Y,375708
2024-04-13,YY,T,3
2024-04-13,YY,W,9332
2024-04-13,YY,X,503258
2024-04-13,YY,Y,3730101
2024-04-13,YZ,W,43
2024-04-13,YZ,X,10853
2024-04-13,YZ,Y,13237
2024-04-13,ZX,T,1
2024-04-13,ZX,W,477
2024-04-13,ZX,X,61628
2024-04-13,ZX,Y,150820
2024-04-14,XX,T,46
2024-04-14,XX,W,314151
2024-04-14,XX,X,1266361
2024-04-14,XX,Y,4102527
2024-04-14,XY,T,6
2024-04-14,XY,W,14332
2024-04-14,XY,X,329497
2024-04-14,XY,Y,1032913
2024-04-14,XZ,T,3
2024-04-14,XZ,W,21361
2024-04-14,XZ,X,254206
2024-04-14,XZ,Y,901768
2024-04-14,YX,W,13747
2024-04-14,YX,X,96549
2024-04-14,YX,Y,382639
2024-04-14,YY,T,2
2024-04-14,YY,W,8940
2024-04-14,YY,X,496102
2024-04-14,YY,Y,3619637
2024-04-14,YZ,W,41
2024-04-14,YZ,X,10559
2024-04-14,YZ,Y,12804
2024-04-14,ZX,W,473
2024-04-14,ZX,X,58341
2024-04-14,ZX,Y,145023
