country,os,count,day,month,weekday,ordinal_day
XX,T,43,1,2,4,32
XX,W,387628,1,2,4,32
XX,X,1567181,1,2,4,32
XX,Y,4551696,1,2,4,32
XY,T,2,1,2,4,32
XY,W,18537,1,2,4,32
XY,X,371440,1,2,4,32
XY,Y,1112390,1,2,4,32
XZ,T,3,1,2,4,32
XZ,W,24217,1,2,4,32
XZ,X,220180,1,2,4,32
XZ,Y,878891,1,2,4,32
YX,T,1,1,2,4,32
YX,W,11254,1,2,4,32
YX,X,73722,1,2,4,32
YX,Y,310027,1,2,4,32
YY,T,2,1,2,4,32
YY,W,12316,1,2,4,32
YY,X,564636,1,2,4,32
YY,Y,3905875,1,2,4,32
YZ,W,39,1,2,4,32
YZ,X,12025,1,2,4,32
YZ,Y,13297,1,2,4,32
ZX,W,510,1,2,4,32
ZX,X,59522,1,2,4,32
ZX,Y,147773,1,2,4,32
XX,T,44,2,2,5,33
XX,W,416126,2,2,5,33
XX,X,1581450,2,2,5,33
XX,Y,4643162,2,2,5,33
XY,T,9,2,2,5,33
XY,W,18817,2,2,5,33
XY,X,365231,2,2,5,33
XY,Y,1116282,2,2,5,33
XZ,T,1,2,2,5,33
XZ,W,26019,2,2,5,33
XZ,X,220656,2,2,5,33
XZ,Y,896253,2,2,5,33
YX,W,10402,2,2,5,33
YX,X,66146,2,2,5,33
YX,Y,294155,2,2,5,33
YY,T,2,2,2,5,33
YY,W,11679,2,2,5,33
YY,X,529137,2,2,5,33
YY,Y,3714020,2,2,5,33
YZ,W,50,2,2,5,33
YZ,X,11862,2,2,5,33
YZ,Y,13267,2,2,5,33
ZX,W,484,2,2,5,33
ZX,X,57845,2,2,5,33
ZX,Y,145500,2,2,5,33
XX,T,42,3,2,6,34
XX,W,353389,3,2,6,34
XX,X,1368017,3,2,6,34
XX,Y,4232763,3,2,6,34
XY,T,9,3,2,6,34
XY,W,17449,3,2,6,34
XY,X,320085,3,2,6,34
XY,Y,1012936,3,2,6,34
XZ,T,4,3,2,6,34
XZ,W,23178,3,2,6,34
XZ,X,189852,3,2,6,34
XZ,Y,820893,3,2,6,34
YX,T,1,3,2,6,34
YX,W,10665,3,2,6,34
YX,X,70837,3,2,6,34
YX,Y,295043,3,2,6,34
YY,T,2,3,2,6,34
YY,W,11068,3,2,6,34
YY,X,522866,3,2,6,34
YY,Y,3629585,3,2,6,34
YZ,W,52,3,2,6,34
YZ,X,11391,3,2,6,34
YZ,Y,12429,3,2,6,34
ZX,T,1,3,2,6,34
ZX,W,519,3,2,6,34
ZX,X,55499,3,2,6,34
ZX,Y,140412,3,2,6,34
XX,T,44,4,2,7,35
XX,W,311960,4,2,7,35
XX,X,1278918,4,2,7,35
XX,Y,3979781,4,2,7,35
XY,T,14,4,2,7,35
XY,W,15826,4,2,7,35
XY,X,311774,4,2,7,35
XY,Y,979515,4,2,7,35
XZ,T,1,4,2,7,35
XZ,W,20514,4,2,7,35
XZ,X,179177,4,2,7,35
XZ,Y,769684,4,2,7,35
YX,W,10975,4,2,7,35
YX,X,76358,4,2,7,35
YX,Y,299416,4,2,7,35
YY,W,9499,4,2,7,35
YY,X,481437,4,2,7,35
YY,Y,3324558,4,2,7,35
YZ,W,59,4,2,7,35
YZ,X,11228,4,2,7,35
YZ,Y,11897,4,2,7,35
ZX,W,481,4,2,7,35
ZX,X,53204,4,2,7,35
ZX,Y,135545,4,2,7,35
XX,T,46,5,2,1,36
XX,W,368614,5,2,1,36
XX,X,1485058,5,2,1,36
XX,Y,4432717,5,2,1,36
XY,T,9,5,2,1,36
XY,W,18552,5,2,1,36
XY,X,371078,5,2,1,36
XY,Y,1103262,5,2,1,36
XZ,T,2,5,2,1,36
XZ,W,22517,5,2,1,36
XZ,X,180982,5,2,1,36
XZ,Y,811972,5,2,1,36
YX,T,1,5,2,1,36
YX,W,11282,5,2,1,36
YX,X,77462,5,2,1,36
YX,Y,306629,5,2,1,36
YY,T,3,5,2,1,36
YY,W,12326,5,2,1,36
YY,X,550514,5,2,1,36
YY,Y,3894760,5,2,1,36
YZ,W,48,5,2,1,36
YZ,X,12071,5,2,1,36
YZ,Y,13262,5,2,1,36
ZX,W,551,5,2,1,36
ZX,X,58692,5,2,1,36
ZX,Y,146022,5,2,1,36
XX,T,58,6,2,2,37
XX,W,377452,6,2,2,37
XX,X,1504752,6,2,2,37
XX,Y,4473138,6,2,2,37
XY,T,14,6,2,2,37
XY,W,18325,6,2,2,37
XY,X,375372,6,2,2,37
XY,Y,1120688,6,2,2,37
XZ,T,1,6,2,2,37
XZ,W,22232,6,2,2,37
XZ,X,186060,6,2,2,37
XZ,Y,800303,6,2,2,37
YX,T,1,6,2,2,37
YX,W,11309,6,2,2,37
YX,X,77201,6,2,2,37
YX,Y,308426,6,2,2,37
YY,T,2,6,2,2,37
YY,W,12081,6,2,2,37
YY,X,542137,6,2,2,37
YY,Y,3761893,6,2,2,37
YZ,W,53,6,2,2,37
YZ,X,12201,6,2,2,37
YZ,Y,13498,6,2,2,37
ZX,T,1,6,2,2,37
ZX,W,512,6,2,2,37
ZX,X,58055,6,2,2,37
ZX,Y,146076,6,2,2,37
XX,T,57,7,2,3,38
XX,W,376693,7,2,3,38
XX,X,1493447,7,2,3,38
XX,Y,4474331,7,2,3,38
XY,T,11,7,2,3,38
XY,W,21504,7,2,3,38
XY,X,381937,7,2,3,38
XY,Y,1131739,7,2,3,38
XZ,T,4,7,2,3,38
XZ,W,22260,7,2,3,38
XZ,X,186464,7,2,3,38
XZ,Y,805613,7,2,3,38
YX,W,11557,7,2,3,38
YX,X,77991,7,2,3,38
YX,Y,312418,7,2,3,38
YY,W,12165,7,2,3,38
YY,X,538529,7,2,3,38
YY,Y,3817088,7,2,3,38
YZ,W,70,7,2,3,38
YZ,X,12999,7,2,3,38
YZ,Y,13527,7,2,3,38
ZX,W,528,7,2,3,38
ZX,X,58241,7,2,3,38
ZX,Y,144855,7,2,3,38
XX,T,76,8,2,4,39
XX,W,385921,8,2,4,39
XX,X,1537185,8,2,4,39
XX,Y,4542859,8,2,4,39
XY,T,10,8,2,4,39
XY,W,17918,8,2,4,39
XY,X,390942,8,2,4,39
XY,Y,1134849,8,2,4,39
XZ,W,23634,8,2,4,39
XZ,X,207760,8,2,4,39
XZ,Y,854824,8,2,4,39
YX,W,12108,8,2,4,39
YX,X,79109,8,2,4,39
YX,Y,322617,8,2,4,39
YY,T,1,8,2,4,39
YY,W,10476,8,2,4,39
YY,X,526555,8,2,4,39
YY,Y,3627576,8,2,4,39
YZ,W,67,8,2,4,39
YZ,X,14045,8,2,4,39
YZ,Y,13647,8,2,4,39
ZX,T,1,8,2,4,39
ZX,W,581,8,2,4,39
ZX,X,60105,8,2,4,39
ZX,Y,147617,8,2,4,39
XX,T,74,9,2,5,40
XX,W,376367,9,2,5,40
XX,X,1459613,9,2,5,40
XX,Y,4467236,9,2,5,40
XY,T,4,9,2,5,40
XY,W,20540,9,2,5,40
XY,X,367412,9,2,5,40
XY,Y,1121361,9,2,5,40
XZ,T,2,9,2,5,40
XZ,W,23019,9,2,5,40
XZ,X,192347,9,2,5,40
XZ,Y,823325,9,2,5,40
YX,T,1,9,2,5,40
YX,W,10849,9,2,5,40
YX,X,69980,9,2,5,40
YX,Y,305118,9,2,5,40
YY,T,6,9,2,5,40
YY,W,10934,9,2,5,40
YY,X,516111,9,2,5,40
YY,Y,3685806,9,2,5,40
YZ,W,67,9,2,5,40
YZ,X,12764,9,2,5,40
YZ,Y,13916,9,2,5,40
ZX,W,510,9,2,5,40
ZX,X,57925,9,2,5,40
ZX,Y,145739,9,2,5,40
XX,T,65,10,2,6,41
XX,W,332169,10,2,6,41
XX,X,1260333,10,2,6,41
XX,Y,4130763,10,2,6,41
XY,T,9,10,2,6,41
XY,W,16042,10,2,6,41
XY,X,329057,10,2,6,41
XY,Y,1038104,10,2,6,41
XZ,T,1,10,2,6,41
XZ,W,22583,10,2,6,41
XZ,X,188981,10,2,6,41
XZ,Y,834831,10,2,6,41
YX,W,11505,10,2,6,41
YX,X,74734,10,2,6,41
YX,Y,313134,10,2,6,41
YY,T,6,10,2,6,41
YY,W,9617,10,2,6,41
YY,X,477533,10,2,6,41
YY,Y,3381044,10,2,6,41
YZ,W,54,10,2,6,41
YZ,X,11778,10,2,6,41
YZ,Y,13339,10,2,6,41
ZX,W,495,10,2,6,41
ZX,X,55672,10,2,6,41
ZX,Y,141691,10,2,6,41
XX,T,68,11,2,7,42
XX,W,310418,11,2,7,42
XX,X,1217945,11,2,7,42
XX,Y,3956415,11,2,7,42
XY,T,7,11,2,7,42
XY,W,17905,11,2,7,42
XY,X,322282,11,2,7,42
XY,Y,999753,11,2,7,42
XZ,T,4,11,2,7,42
XZ,W,21403,11,2,7,42
XZ,X,186060,11,2,7,42
XZ,Y,806744,11,2,7,42
YX,W,11807,11,2,7,42
YX,X,80271,11,2,7,42
YX,Y,319208,11,2,7,42
YY,T,3,11,2,7,42
YY,W,9328,11,2,7,42
YY,X,471901,11,2,7,42
YY,Y,3334840,11,2,7,42
YZ,W,54,11,2,7,42
YZ,X,11839,11,2,7,42
YZ,Y,12562,11,2,7,42
ZX,T,1,11,2,7,42
ZX,W,482,11,2,7,42
ZX,X,53529,11,2,7,42
ZX,Y,138086,11,2,7,42
XX,T,189,12,2,1,43
XX,W,360969,12,2,1,43
XX,X,1425654,12,2,1,43
XX,Y,4365568,12,2,1,43
XY,T,13,12,2,1,43
XY,W,20783,12,2,1,43
XY,X,364911,12,2,1,43
XY,Y,1101049,12,2,1,43
XZ,T,3,12,2,1,43
XZ,W,22360,12,2,1,43
XZ,X,188091,12,2,1,43
XZ,Y,811502,12,2,1,43
YX,W,11751,12,2,1,43
YX,X,79875,12,2,1,43
YX,Y,318055,12,2,1,43
YY,T,3,12,2,1,43
YY,W,11948,12,2,1,43
YY,X,535994,12,2,1,43
YY,Y,3837343,12,2,1,43
YZ,W,47,12,2,1,43
YZ,X,12792,12,2,1,43
YZ,Y,13960,12,2,1,43
ZX,T,4,12,2,1,43
ZX,W,541,12,2,1,43
ZX,X,57951,12,2,1,43
ZX,Y,145171,12,2,1,43
XX,T,78,13,2,2,44
XX,W,377108,13,2,2,44
XX,X,1473105,13,2,2,44
XX,Y,4484035,13,2,2,44
XY,T,7,13,2,2,44
XY,W,17824,13,2,2,44
XY,X,367673,13,2,2,44
XY,Y,1111649,13,2,2,44
XZ,T,2,13,2,2,44
XZ,W,22198,13,2,2,44
XZ,X,186816,13,2,2,44
XZ,Y,809062,13,2,2,44
YX,W,11868,13,2,2,44
YX,X,80005,13,2,2,44
YX,Y,319219,13,2,2,44
YY,T,3,13,2,2,44
YY,W,11887,13,2,2,44
YY,X,540340,13,2,2,44
YY,Y,3896122,13,2,2,44
YZ,W,55,13,2,2,44
YZ,X,12436,13,2,2,44
YZ,Y,13825,13,2,2,44
ZX,W,527,13,2,2,44
ZX,X,58621,13,2,2,44
ZX,Y,146595,13,2,2,44
XX,T,183,14,2,3,45
XX,W,375527,14,2,3,45
XX,X,1460547,14,2,3,45
XX,Y,4471586,14,2,3,45
XY,T,7,14,2,3,45
XY,W,17739,14,2,3,45
XY,X,361989,14,2,3,45
XY,Y,1115407,14,2,3,45
XZ,T,3,14,2,3,45
XZ,W,22112,14,2,3,45
XZ,X,186232,14,2,3,45
XZ,Y,805566,14,2,3,45
YX,W,11923,14,2,3,45
YX,X,79629,14,2,3,45
YX,Y,320436,14,2,3,45
YY,T,1,14,2,3,45
YY,W,8947,14,2,3,45
YY,X,438886,14,2,3,45
YY,Y,3195156,14,2,3,45
YZ,W,43,14,2,3,45
YZ,X,11371,14,2,3,45
YZ,Y,13160,14,2,3,45
ZX,T,1,14,2,3,45
ZX,W,543,14,2,3,45
ZX,X,58681,14,2,3,45
ZX,Y,147379,14,2,3,45
XX,T,76,15,2,4,46
XX,W,380118,15,2,4,46
XX,X,1492884,15,2,4,46
XX,Y,4505221,15,2,4,46
XY,T,6,15,2,4,46
XY,W,19680,15,2,4,46
XY,X,382895,15,2,4,46
XY,Y,1134722,15,2,4,46
XZ,T,2,15,2,4,46
XZ,W,23465,15,2,4,46
XZ,X,210385,15,2,4,46
XZ,Y,849173,15,2,4,46
YX,W,12403,15,2,4,46
YX,X,80867,15,2,4,46
YX,Y,331188,15,2,4,46
YY,T,1,15,2,4,46
YY,W,11737,15,2,4,46
YY,X,541582,15,2,4,46
YY,Y,3812190,15,2,4,46
YZ,W,35,15,2,4,46
YZ,X,11931,15,2,4,46
YZ,Y,13078,15,2,4,46
ZX,T,2,15,2,4,46
ZX,W,543,15,2,4,46
ZX,X,60113,15,2,4,46
ZX,Y,147320,15,2,4,46
XX,T,91,16,2,5,47
XX,W,372251,16,2,5,47
XX,X,1430553,16,2,5,47
XX,Y,4446757,16,2,5,47
XY,T,4,16,2,5,47
XY,W,19159,16,2,5,47
XY,X,366179,16,2,5,47
XY,Y,1111755,16,2,5,47
XZ,T,3,16,2,5,47
XZ,W,22725,16,2,5,47
XZ,X,202474,16,2,5,47
XZ,Y,831865,16,2,5,47
YX,T,1,16,2,5,47
YX,W,11305,16,2,5,47
YX,X,71323,16,2,5,47
YX,Y,314991,16,2,5,47
YY,T,2,16,2,5,47
YY,W,11814,16,2,5,47
YY,X,547789,16,2,5,47
YY,Y,3862222,16,2,5,47
YZ,W,56,16,2,5,47
YZ,X,11768,16,2,5,47
YZ,Y,13521,16,2,5,47
ZX,T,2,16,2,5,47
ZX,W,527,16,2,5,47
ZX,X,58263,16,2,5,47
ZX,Y,144527,16,2,5,47
XX,T,53,17,2,6,48
XX,W,329760,17,2,6,48
XX,X,1253856,17,2,6,48
XX,Y,4132077,17,2,6,48
XY,T,6,17,2,6,48
XY,W,15164,17,2,6,48
XY,X,316062,17,2,6,48
XY,Y,1022276,17,2,6,48
XZ,T,3,17,2,6,48
XZ,W,23003,17,2,6,48
XZ,X,205256,17,2,6,48
XZ,Y,850527,17,2,6,48
YX,W,11848,17,2,6,48
YX,X,76915,17,2,6,48
YX,Y,323475,17,2,6,48
YY,T,3,17,2,6,48
YY,W,11348,17,2,6,48
YY,X,536631,17,2,6,48
YY,Y,3811487,17,2,6,48
YZ,W,69,17,2,6,48
YZ,X,11139,17,2,6,48
YZ,Y,12794,17,2,6,48
ZX,W,507,17,2,6,48
ZX,X,56530,17,2,6,48
ZX,Y,139488,17,2,6,48
XX,T,85,18,2,7,49
XX,W,307871,18,2,7,49
XX,X,1206343,18,2,7,49
XX,Y,3956600,18,2,7,49
XY,T,6,18,2,7,49
XY,W,17860,18,2,7,49
XY,X,303142,18,2,7,49
XY,Y,984800,18,2,7,49
XZ,T,2,18,2,7,49
XZ,W,21848,18,2,7,49
XZ,X,207881,18,2,7,49
XZ,Y,830787,18,2,7,49
YX,T,1,18,2,7,49
YX,W,12300,18,2,7,49
YX,X,82199,18,2,7,49
YX,Y,329651,18,2,7,49
YY,T,3,18,2,7,49
YY,W,9460,18,2,7,49
YY,X,495318,18,2,7,49
YY,Y,3453365,18,2,7,49
YZ,W,40,18,2,7,49
YZ,X,10860,18,2,7,49
YZ,Y,11693,18,2,7,49
ZX,T,2,18,2,7,49
ZX,W,487,18,2,7,49
ZX,X,54569,18,2,7,49
ZX,Y,135802,18,2,7,49
XX,T,79,19,2,1,50
XX,W,362748,19,2,1,50
XX,X,1422225,19,2,1,50
XX,Y,4392223,19,2,1,50
XY,T,9,19,2,1,50
XY,W,20422,19,2,1,50
XY,X,358104,19,2,1,50
XY,Y,1091632,19,2,1,50
XZ,T,4,19,2,1,50
XZ,W,22770,19,2,1,50
XZ,X,212171,19,2,1,50
XZ,Y,834351,19,2,1,50
YX,W,12030,19,2,1,50
YX,X,81208,19,2,1,50
YX,Y,327179,19,2,1,50
YY,W,12249,19,2,1,50
YY,X,562381,19,2,1,50
YY,Y,3963247,19,2,1,50
YZ,W,62,19,2,1,50
YZ,X,11969,19,2,1,50
YZ,Y,13169,19,2,1,50
ZX,T,1,19,2,1,50
ZX,W,542,19,2,1,50
ZX,X,58273,19,2,1,50
ZX,Y,143504,19,2,1,50
XX,T,67,20,2,2,51
XX,W,378389,20,2,2,51
XX,X,1469780,20,2,2,51
XX,Y,4465424,20,2,2,51
XY,T,8,20,2,2,51
XY,W,21115,20,2,2,51
XY,X,364376,20,2,2,51
XY,Y,1106568,20,2,2,51
XZ,T,1,20,2,2,51
XZ,W,22510,20,2,2,51
XZ,X,202704,20,2,2,51
XZ,Y,825197,20,2,2,51
YX,W,11916,20,2,2,51
YX,X,81492,20,2,2,51
YX,Y,328131,20,2,2,51
YY,T,1,20,2,2,51
YY,W,12247,20,2,2,51
YY,X,568509,20,2,2,51
YY,Y,3972708,20,2,2,51
YZ,W,45,20,2,2,51
YZ,X,12562,20,2,2,51
YZ,Y,13118,20,2,2,51
ZX,T,1,20,2,2,51
ZX,W,550,20,2,2,51
ZX,X,58412,20,2,2,51
ZX,Y,145154,20,2,2,51
XX,T,35,21,2,3,52
XX,W,383860,21,2,3,52
XX,X,1450727,21,2,3,52
XX,Y,4481828,21,2,3,52
XY,T,6,21,2,3,52
XY,W,20493,21,2,3,52
XY,X,372262,21,2,3,52
XY,Y,1124347,21,2,3,52
XZ,T,1,21,2,3,52
XZ,W,22428,21,2,3,52
XZ,X,200224,21,2,3,52
XZ,Y,826364,21,2,3,52
YX,W,12415,21,2,3,52
YX,X,81777,21,2,3,52
YX,Y,333319,21,2,3,52
YY,T,2,21,2,3,52
YY,W,12066,21,2,3,52
YY,X,561448,21,2,3,52
YY,Y,3950792,21,2,3,52
YZ,W,35,21,2,3,52
YZ,X,11892,21,2,3,52
YZ,Y,13016,21,2,3,52
ZX,T,2,21,2,3,52
ZX,W,524,21,2,3,52
ZX,X,58375,21,2,3,52
ZX,Y,146047,21,2,3,52
XX,T,64,22,2,4,53
XX,W,390410,22,2,4,53
XX,X,1469109,22,2,4,53
XX,Y,4576858,22,2,4,53
XY,T,10,22,2,4,53
XY,W,21700,22,2,4,53
XY,X,387302,22,2,4,53
XY,Y,1147915,22,2,4,53
XZ,T,7,22,2,4,53
XZ,W,23596,22,2,4,53
XZ,X,217708,22,2,4,53
XZ,Y,870366,22,2,4,53
YX,W,12598,22,2,4,53
YX,X,81155,22,2,4,53
YX,Y,343329,22,2,4,53
YY,T,3,22,2,4,53
YY,W,12561,22,2,4,53
YY,X,577200,22,2,4,53
YY,Y,4154062,22,2,4,53
YZ,W,41,22,2,4,53
YZ,X,11766,22,2,4,53
YZ,Y,12979,22,2,4,53
ZX,W,552,22,2,4,53
ZX,X,60103,22,2,4,53
ZX,Y,150406,22,2,4,53
XX,T,66,23,2,5,54
XX,W,352810,23,2,5,54
XX,X,1312688,23,2,5,54
XX,Y,4302618,23,2,5,54
XY,T,1,23,2,5,54
XY,W,21273,23,2,5,54
XY,X,372191,23,2,5,54
XY,Y,1133091,23,2,5,54
XZ,T,4,23,2,5,54
XZ,W,22432,23,2,5,54
XZ,X,196686,23,2,5,54
XZ,Y,847629,23,2,5,54
YX,W,11564,23,2,5,54
YX,X,71387,23,2,5,54
YX,Y,324816,23,2,5,54
YY,T,1,23,2,5,54
YY,W,11857,23,2,5,54
YY,X,542781,23,2,5,54
YY,Y,3921551,23,2,5,54
YZ,W,65,23,2,5,54
YZ,X,11937,23,2,5,54
YZ,Y,12971,23,2,5,54
ZX,T,1,23,2,5,54
ZX,W,528,23,2,5,54
ZX,X,56768,23,2,5,54
ZX,Y,143117,23,2,5,54
XX,T,56,24,2,6,55
XX,W,324235,24,2,6,55
XX,X,1223006,24,2,6,55
XX,Y,4061286,24,2,6,55
XY,T,9,24,2,6,55
XY,W,18973,24,2,6,55
XY,X,325745,24,2,6,55
XY,Y,1041795,24,2,6,55
XZ,T,1,24,2,6,55
XZ,W,22734,24,2,6,55
XZ,X,193887,24,2,6,55
XZ,Y,863474,24,2,6,55
YX,W,12038,24,2,6,55
YX,X,75837,24,2,6,55
YX,Y,328966,24,2,6,55
YY,T,3,24,2,6,55
YY,W,11166,24,2,6,55
YY,X,526451,24,2,6,55
YY,Y,3859202,24,2,6,55
YZ,W,31,24,2,6,55
YZ,X,10995,24,2,6,55
YZ,Y,12143,24,2,6,55
ZX,W,506,24,2,6,55
ZX,X,56474,24,2,6,55
ZX,Y,141393,24,2,6,55
XX,T,46,25,2,7,56
XX,W,310331,25,2,7,56
XX,X,1205145,25,2,7,56
XX,Y,3969472,25,2,7,56
XY,T,7,25,2,7,56
XY,W,18124,25,2,7,56
XY,X,315245,25,2,7,56
XY,Y,1013213,25,2,7,56
XZ,T,2,25,2,7,56
XZ,W,21338,25,2,7,56
XZ,X,197470,25,2,7,56
XZ,Y,835298,25,2,7,56
YX,W,12433,25,2,7,56
YX,X,82807,25,2,7,56
YX,Y,336468,25,2,7,56
YY,T,1,25,2,7,56
YY,W,9684,25,2,7,56
YY,X,486719,25,2,7,56
YY,Y,3543388,25,2,7,56
YZ,W,43,25,2,7,56
YZ,X,10978,25,2,7,56
YZ,Y,11157,25,2,7,56
ZX,T,1,25,2,7,56
ZX,W,477,25,2,7,56
ZX,X,54946,25,2,7,56
ZX,Y,136882,25,2,7,56
XX,T,56,26,2,1,57
XX,W,373130,26,2,1,57
XX,X,1459928,26,2,1,57
XX,Y,4468185,26,2,1,57
XY,T,6,26,2,1,57
XY,W,17493,26,2,1,57
XY,X,362294,26,2,1,57
XY,Y,1115270,26,2,1,57
XZ,W,22397,26,2,1,57
XZ,X,200804,26,2,1,57
XZ,Y,838041,26,2,1,57
YX,W,12393,26,2,1,57
YX,X,81047,26,2,1,57
YX,Y,334665,26,2,1,57
YY,T,4,26,2,1,57
YY,W,11887,26,2,1,57
YY,X,537678,26,2,1,57
YY,Y,3939704,26,2,1,57
YZ,W,51,26,2,1,57
YZ,X,11728,26,2,1,57
YZ,Y,12497,26,2,1,57
ZX,W,529,26,2,1,57
ZX,X,59127,26,2,1,57
ZX,Y,145938,26,2,1,57
XX,T,58,27,2,2,58
XX,W,384333,27,2,2,58
XX,X,1467259,27,2,2,58
XX,Y,4502639,27,2,2,58
XY,T,7,27,2,2,58
XY,W,21537,27,2,2,58
XY,X,369774,27,2,2,58
XY,Y,1136090,27,2,2,58
XZ,T,2,27,2,2,58
XZ,W,22204,27,2,2,58
XZ,X,194469,27,2,2,58
XZ,Y,833488,27,2,2,58
YX,W,12232,27,2,2,58
YX,X,81120,27,2,2,58
YX,Y,328858,27,2,2,58
YY,T,1,27,2,2,58
YY,W,11921,27,2,2,58
YY,X,540727,27,2,2,58
YY,Y,3912638,27,2,2,58
YZ,W,58,27,2,2,58
YZ,X,11855,27,2,2,58
YZ,Y,12619,27,2,2,58
ZX,T,1,27,2,2,58
ZX,W,552,27,2,2,58
ZX,X,59776,27,2,2,58
ZX,Y,147536,27,2,2,58
XX,T,85,28,2,3,59
XX,W,384273,28,2,3,59
XX,X,1516617,28,2,3,59
XX,Y,4530643,28,2,3,59
XY,T,4,28,2,3,59
XY,W,21395,28,2,3,59
XY,X,369067,28,2,3,59
XY,Y,1132013,28,2,3,59
XZ,T,2,28,2,3,59
XZ,W,22069,28,2,3,59
XZ,X,194614,28,2,3,59
XZ,Y,827003,28,2,3,59
YX,W,11966,28,2,3,59
YX,X,80010,28,2,3,59
YX,Y,327199,28,2,3,59
YY,T,3,28,2,3,59
YY,W,11771,28,2,3,59
YY,X,534316,28,2,3,59
YY,Y,3860225,28,2,3,59
YZ,W,48,28,2,3,59
YZ,X,11502,28,2,3,59
YZ,Y,12632,28,2,3,59
ZX,W,554,28,2,3,59
ZX,X,59656,28,2,3,59
ZX,Y,147506,28,2,3,59
XX,T,140,29,2,4,60
XX,W,393417,29,2,4,60
XX,X,1555544,29,2,4,60
XX,Y,4616435,29,2,4,60
XY,T,15,29,2,4,60
XY,W,21953,29,2,4,60
XY,X,384861,29,2,4,60
XY,Y,1162121,29,2,4,60
XZ,T,3,29,2,4,60
XZ,W,22963,29,2,4,60
XZ,X,213652,29,2,4,60
XZ,Y,872548,29,2,4,60
YX,W,12393,29,2,4,60
YX,X,80509,29,2,4,60
YX,Y,341039,29,2,4,60
YY,T,6,29,2,4,60
YY,W,12100,29,2,4,60
YY,X,549102,29,2,4,60
YY,Y,4049240,29,2,4,60
YZ,W,40,29,2,4,60
YZ,X,11722,29,2,4,60
YZ,Y,12373,29,2,4,60
ZX,T,1,29,2,4,60
ZX,W,541,29,2,4,60
ZX,X,61591,29,2,4,60
ZX,Y,151257,29,2,4,60
XX,T,73,1,3,5,61
XX,W,377867,1,3,5,61
XX,X,1439769,1,3,5,61
XX,Y,4521845,1,3,5,61
XY,T,7,1,3,5,61
XY,W,21280,1,3,5,61
XY,X,363657,1,3,5,61
XY,Y,1132145,1,3,5,61
XZ,T,2,1,3,5,61
XZ,W,22344,1,3,5,61
XZ,X,200386,1,3,5,61
XZ,Y,854896,1,3,5,61
YX,T,1,1,3,5,61
YX,W,11278,1,3,5,61
YX,X,70694,1,3,5,61
YX,Y,320080,1,3,5,61
YY,T,4,1,3,5,61
YY,W,11201,1,3,5,61
YY,X,526346,1,3,5,61
YY,Y,3842961,1,3,5,61
YZ,W,41,1,3,5,61
YZ,X,11382,1,3,5,61
YZ,Y,12229,1,3,5,61
ZX,T,1,1,3,5,61
ZX,W,524,1,3,5,61
ZX,X,59418,1,3,5,61
ZX,Y,148644,1,3,5,61
XX,T,58,2,3,6,62
XX,W,342514,2,3,6,62
XX,X,1261812,2,3,6,62
XX,Y,4214986,2,3,6,62
XY,T,8,2,3,6,62
XY,W,19137,2,3,6,62
XY,X,321602,2,3,6,62
XY,Y,1050301,2,3,6,62
XZ,T,1,2,3,6,62
XZ,W,22534,2,3,6,62
XZ,X,205767,2,3,6,62
XZ,Y,870475,2,3,6,62
YX,W,11706,2,3,6,62
YX,X,76097,2,3,6,62
YX,Y,326840,2,3,6,62
YY,T,6,2,3,6,62
YY,W,10662,2,3,6,62
YY,X,514428,2,3,6,62
YY,Y,3792162,2,3,6,62
YZ,W,47,2,3,6,62
YZ,X,10894,2,3,6,62
YZ,Y,11751,2,3,6,62
ZX,T,1,2,3,6,62
ZX,W,561,2,3,6,62
ZX,X,58913,2,3,6,62
ZX,Y,148018,2,3,6,62
XX,T,52,3,3,7,63
XX,W,322681,3,3,7,63
XX,X,1228832,3,3,7,63
XX,Y,4061422,3,3,7,63
XY,T,10,3,3,7,63
XY,W,18138,3,3,7,63
XY,X,309569,3,3,7,63
XY,Y,1008819,3,3,7,63
XZ,T,1,3,3,7,63
XZ,W,21354,3,3,7,63
XZ,X,206330,3,3,7,63
XZ,Y,846780,3,3,7,63
YX,W,12304,3,3,7,63
YX,X,81861,3,3,7,63
YX,Y,332716,3,3,7,63
YY,T,2,3,3,7,63
YY,W,9191,3,3,7,63
YY,X,473000,3,3,7,63
YY,Y,3431691,3,3,7,63
YZ,W,37,3,3,7,63
YZ,X,10502,3,3,7,63
YZ,Y,10973,3,3,7,63
ZX,W,458,3,3,7,63
ZX,X,59310,3,3,7,63
ZX,Y,141518,3,3,7,63
XX,T,92,4,3,1,64
XX,W,374019,4,3,1,64
XX,X,1484966,4,3,1,64
XX,Y,4540594,4,3,1,64
XY,T,10,4,3,1,64
XY,W,17419,4,3,1,64
XY,X,369278,4,3,1,64
XY,Y,1124717,4,3,1,64
XZ,T,2,4,3,1,64
XZ,W,23056,4,3,1,64
XZ,X,210862,4,3,1,64
XZ,Y,868332,4,3,1,64
YX,W,12505,4,3,1,64
YX,X,82913,4,3,1,64
YX,Y,340363,4,3,1,64
YY,T,2,4,3,1,64
YY,W,11594,4,3,1,64
YY,X,540144,4,3,1,64
YY,Y,3964610,4,3,1,64
YZ,W,50,4,3,1,64
YZ,X,12042,4,3,1,64
YZ,Y,12060,4,3,1,64
ZX,W,570,4,3,1,64
ZX,X,64747,4,3,1,64
ZX,Y,153391,4,3,1,64
XX,T,70,5,3,2,65
XX,W,388172,5,3,2,65
XX,X,1499335,5,3,2,65
XX,Y,4578463,5,3,2,65
XY,T,6,5,3,2,65
XY,W,21242,5,3,2,65
XY,X,374728,5,3,2,65
XY,Y,1131354,5,3,2,65
XZ,T,1,5,3,2,65
XZ,W,22499,5,3,2,65
XZ,X,213470,5,3,2,65
XZ,Y,854744,5,3,2,65
YX,W,12234,5,3,2,65
YX,X,83057,5,3,2,65
YX,Y,336476,5,3,2,65
YY,W,11585,5,3,2,65
YY,X,541346,5,3,2,65
YY,Y,3916460,5,3,2,65
YZ,W,53,5,3,2,65
YZ,X,11909,5,3,2,65
YZ,Y,12296,5,3,2,65
ZX,T,1,5,3,2,65
ZX,W,576,5,3,2,65
ZX,X,64750,5,3,2,65
ZX,Y,155016,5,3,2,65
XX,T,55,6,3,3,66
XX,W,385278,6,3,3,66
XX,X,1480408,6,3,3,66
XX,Y,4566701,6,3,3,66
XY,T,4,6,3,3,66
XY,W,21383,6,3,3,66
XY,X,376642,6,3,3,66
XY,Y,1134494,6,3,3,66
XZ,T,2,6,3,3,66
XZ,W,22080,6,3,3,66
XZ,X,204978,6,3,3,66
XZ,Y,843806,6,3,3,66
YX,T,1,6,3,3,66
YX,W,11927,6,3,3,66
YX,X,81114,6,3,3,66
YX,Y,337347,6,3,3,66
YY,T,6,6,3,3,66
YY,W,11397,6,3,3,66
YY,X,534862,6,3,3,66
YY,Y,3851610,6,3,3,66
YZ,W,51,6,3,3,66
YZ,X,11042,6,3,3,66
YZ,Y,12007,6,3,3,66
ZX,T,1,6,3,3,66
ZX,W,523,6,3,3,66
ZX,X,61194,6,3,3,66
ZX,Y,152529,6,3,3,66
XX,T,65,7,3,4,67
XX,W,376613,7,3,4,67
XX,X,1419768,7,3,4,67
XX,Y,4562901,7,3,4,67
XY,T,7,7,3,4,67
XY,W,21328,7,3,4,67
XY,X,369901,7,3,4,67
XY,Y,1131665,7,3,4,67
XZ,T,3,7,3,4,67
XZ,W,22117,7,3,4,67
XZ,X,199671,7,3,4,67
XZ,Y,852488,7,3,4,67
YX,W,12159,7,3,4,67
YX,X,80387,7,3,4,67
YX,Y,339489,7,3,4,67
YY,T,3,7,3,4,67
YY,W,11872,7,3,4,67
YY,X,555578,7,3,4,67
YY,Y,4056487,7,3,4,67
YZ,W,44,7,3,4,67
YZ,X,11162,7,3,4,67
YZ,Y,11893,7,3,4,67
ZX,T,1,7,3,4,67
ZX,W,516,7,3,4,67
ZX,X,60196,7,3,4,67
ZX,Y,154059,7,3,4,67
XX,T,56,8,3,5,68
XX,W,360839,8,3,5,68
XX,X,1405020,8,3,5,68
XX,Y,4440835,8,3,5,68
XY,T,6,8,3,5,68
XY,W,22000,8,3,5,68
XY,X,380642,8,3,5,68
XY,Y,1180445,8,3,5,68
XZ,T,1,8,3,5,68
XZ,W,23702,8,3,5,68
XZ,X,215915,8,3,5,68
XZ,Y,911624,8,3,5,68
YX,W,11926,8,3,5,68
YX,X,74275,8,3,5,68
YX,Y,339482,8,3,5,68
YY,T,6,8,3,5,68
YY,W,11328,8,3,5,68
YY,X,528267,8,3,5,68
YY,Y,3891366,8,3,5,68
YZ,W,64,8,3,5,68
YZ,X,11494,8,3,5,68
YZ,Y,12355,8,3,5,68
ZX,W,498,8,3,5,68
ZX,X,58684,8,3,5,68
ZX,Y,149740,8,3,5,68
XX,T,58,9,3,6,69
XX,W,329863,9,3,6,69
XX,X,1246816,9,3,6,69
XX,Y,4100285,9,3,6,69
XY,T,6,9,3,6,69
XY,W,19030,9,3,6,69
XY,X,325239,9,3,6,69
XY,Y,1054189,9,3,6,69
XZ,T,1,9,3,6,69
XZ,W,22465,9,3,6,69
XZ,X,211954,9,3,6,69
XZ,Y,881940,9,3,6,69
YX,T,1,9,3,6,69
YX,W,11941,9,3,6,69
YX,X,77952,9,3,6,69
YX,Y,336152,9,3,6,69
YY,T,3,9,3,6,69
YY,W,10557,9,3,6,69
YY,X,519137,9,3,6,69
YY,Y,3785131,9,3,6,69
YZ,W,54,9,3,6,69
YZ,X,10978,9,3,6,69
YZ,Y,11699,9,3,6,69
ZX,T,1,9,3,6,69
ZX,W,498,9,3,6,69
ZX,X,58385,9,3,6,69
ZX,Y,145022,9,3,6,69
XX,T,161,10,3,7,70
XX,W,325105,10,3,7,70
XX,X,1230438,10,3,7,70
XX,Y,4020392,10,3,7,70
XY,T,12,10,3,7,70
XY,W,18011,10,3,7,70
XY,X,308290,10,3,7,70
XY,Y,1009098,10,3,7,70
XZ,T,2,10,3,7,70
XZ,W,21551,10,3,7,70
XZ,X,206246,10,3,7,70
XZ,Y,867683,10,3,7,70
YX,W,12392,10,3,7,70
YX,X,83793,10,3,7,70
YX,Y,343846,10,3,7,70
YY,T,1,10,3,7,70
YY,W,8825,10,3,7,70
YY,X,470610,10,3,7,70
YY,Y,3446907,10,3,7,70
YZ,W,55,10,3,7,70
YZ,X,10577,10,3,7,70
YZ,Y,10931,10,3,7,70
ZX,T,2,10,3,7,70
ZX,W,474,10,3,7,70
ZX,X,59081,10,3,7,70
ZX,Y,142460,10,3,7,70
XX,T,68,11,3,1,71
XX,W,390800,11,3,1,71
XX,X,1496176,11,3,1,71
XX,Y,4509591,11,3,1,71
XY,T,4,11,3,1,71
XY,W,20727,11,3,1,71
XY,X,369622,11,3,1,71
XY,Y,1115671,11,3,1,71
XZ,T,3,11,3,1,71
XZ,W,21938,11,3,1,71
XZ,X,201330,11,3,1,71
XZ,Y,848115,11,3,1,71
YX,W,11249,11,3,1,71
YX,X,74262,11,3,1,71
YX,Y,327292,11,3,1,71
YY,T,2,11,3,1,71
YY,W,9166,11,3,1,71
YY,X,475630,11,3,1,71
YY,Y,3442974,11,3,1,71
YZ,W,34,11,3,1,71
YZ,X,11053,11,3,1,71
YZ,Y,12148,11,3,1,71
ZX,W,512,11,3,1,71
ZX,X,58924,11,3,1,71
ZX,Y,147283,11,3,1,71
XX,T,76,12,3,2,72
XX,W,401770,12,3,2,72
XX,X,1509620,12,3,2,72
XX,Y,4550252,12,3,2,72
XY,T,3,12,3,2,72
XY,W,21024,12,3,2,72
XY,X,375948,12,3,2,72
XY,Y,1127551,12,3,2,72
XZ,T,1,12,3,2,72
XZ,W,21445,12,3,2,72
XZ,X,206536,12,3,2,72
XZ,Y,835611,12,3,2,72
YX,W,11685,12,3,2,72
YX,X,79627,12,3,2,72
YX,Y,334632,12,3,2,72
YY,T,1,12,3,2,72
YY,W,9928,12,3,2,72
YY,X,492946,12,3,2,72
YY,Y,3537289,12,3,2,72
YZ,W,33,12,3,2,72
YZ,X,11210,12,3,2,72
YZ,Y,12040,12,3,2,72
ZX,T,1,12,3,2,72
ZX,W,472,12,3,2,72
ZX,X,59551,12,3,2,72
ZX,Y,147202,12,3,2,72
XX,T,64,13,3,3,73
XX,W,399695,13,3,3,73
XX,X,1503555,13,3,3,73
XX,Y,4543354,13,3,3,73
XY,T,9,13,3,3,73
XY,W,20953,13,3,3,73
XY,X,380069,13,3,3,73
XY,Y,1131517,13,3,3,73
XZ,T,2,13,3,3,73
XZ,W,21995,13,3,3,73
XZ,X,208395,13,3,3,73
XZ,Y,845942,13,3,3,73
YX,W,12011,13,3,3,73
YX,X,81796,13,3,3,73
YX,Y,339261,13,3,3,73
YY,T,3,13,3,3,73
YY,W,11053,13,3,3,73
YY,X,528138,13,3,3,73
YY,Y,3807124,13,3,3,73
YZ,W,44,13,3,3,73
YZ,X,11317,13,3,3,73
YZ,Y,12186,13,3,3,73
ZX,T,1,13,3,3,73
ZX,W,529,13,3,3,73
ZX,X,60008,13,3,3,73
ZX,Y,146928,13,3,3,73
XX,T,125,14,3,4,74
XX,W,406167,14,3,4,74
XX,X,1532804,14,3,4,74
XX,Y,4620570,14,3,4,74
XY,T,6,14,3,4,74
XY,W,21412,14,3,4,74
XY,X,396634,14,3,4,74
XY,Y,1161227,14,3,4,74
XZ,T,2,14,3,4,74
XZ,W,23059,14,3,4,74
XZ,X,229034,14,3,4,74
XZ,Y,893222,14,3,4,74
YX,W,12744,14,3,4,74
YX,X,83272,14,3,4,74
YX,Y,354352,14,3,4,74
YY,W,11516,14,3,4,74
YY,X,555245,14,3,4,74
YY,Y,4036581,14,3,4,74
YZ,W,47,14,3,4,74
YZ,X,11466,14,3,4,74
YZ,Y,12368,14,3,4,74
ZX,T,1,14,3,4,74
ZX,W,578,14,3,4,74
ZX,X,63382,14,3,4,74
ZX,Y,151373,14,3,4,74
XX,T,78,15,3,5,75
XX,W,396979,15,3,5,75
XX,X,1438191,15,3,5,75
XX,Y,4644022,15,3,5,75
XY,T,3,15,3,5,75
XY,W,21244,15,3,5,75
XY,X,376234,15,3,5,75
XY,Y,1179913,15,3,5,75
XZ,T,1,15,3,5,75
XZ,W,22315,15,3,5,75
XZ,X,210365,15,3,5,75
XZ,Y,902748,15,3,5,75
YX,W,11508,15,3,5,75
YX,X,74857,15,3,5,75
YX,Y,346026,15,3,5,75
YY,W,11172,15,3,5,75
YY,X,543637,15,3,5,75
YY,Y,4159209,15,3,5,75
YZ,W,47,15,3,5,75
YZ,X,11143,15,3,5,75
YZ,Y,14068,15,3,5,75
ZX,T,2,15,3,5,75
ZX,W,525,15,3,5,75
ZX,X,60867,15,3,5,75
ZX,Y,149820,15,3,5,75
XX,T,62,16,3,6,76
XX,W,351953,16,3,6,76
XX,X,1239104,16,3,6,76
XX,Y,4512156,16,3,6,76
XY,T,4,16,3,6,76
XY,W,18900,16,3,6,76
XY,X,322911,16,3,6,76
XY,Y,1149831,16,3,6,76
XZ,T,1,16,3,6,76
XZ,W,21784,16,3,6,76
XZ,X,206269,16,3,6,76
XZ,Y,953066,16,3,6,76
YX,T,1,16,3,6,76
YX,W,11714,16,3,6,76
YX,X,78959,16,3,6,76
YX,Y,373996,16,3,6,76
YY,T,3,16,3,6,76
YY,W,10731,16,3,6,76
YY,X,533159,16,3,6,76
YY,Y,4530277,16,3,6,76
YZ,W,47,16,3,6,76
YZ,X,10427,16,3,6,76
YZ,Y,15665,16,3,6,76
ZX,T,1,16,3,6,76
ZX,W,473,16,3,6,76
ZX,X,56903,16,3,6,76
ZX,Y,148363,16,3,6,76
XX,T,62,17,3,7,77
XX,W,339221,17,3,7,77
XX,X,1219086,17,3,7,77
XX,Y,4444549,17,3,7,77
XY,W,18101,17,3,7,77
XY,X,316235,17,3,7,77
XY,Y,1127123,17,3,7,77
XZ,T,3,17,3,7,77
XZ,W,21199,17,3,7,77
XZ,X,210989,17,3,7,77
XZ,Y,953952,17,3,7,77
YX,T,1,17,3,7,77
YX,W,12553,17,3,7,77
YX,X,86602,17,3,7,77
YX,Y,394117,17,3,7,77
YY,T,2,17,3,7,77
YY,W,9301,17,3,7,77
YY,X,499235,17,3,7,77
YY,Y,4388134,17,3,7,77
YZ,W,39,17,3,7,77
YZ,X,10183,17,3,7,77
YZ,Y,15224,17,3,7,77
ZX,T,1,17,3,7,77
ZX,W,462,17,3,7,77
ZX,X,54544,17,3,7,77
ZX,Y,147292,17,3,7,77
XX,T,77,18,3,1,78
XX,W,381931,18,3,1,78
XX,X,1440000,18,3,1,78
XX,Y,4744197,18,3,1,78
XY,T,4,18,3,1,78
XY,W,20594,18,3,1,78
XY,X,373057,18,3,1,78
XY,Y,1206286,18,3,1,78
XZ,T,1,18,3,1,78
XZ,W,21834,18,3,1,78
XZ,X,206323,18,3,1,78
XZ,Y,928629,18,3,1,78
YX,W,12247,18,3,1,78
YX,X,86015,18,3,1,78
YX,Y,393565,18,3,1,78
YY,T,4,18,3,1,78
YY,W,11293,18,3,1,78
YY,X,570059,18,3,1,78
YY,Y,4763017,18,3,1,78
YZ,W,36,18,3,1,78
YZ,X,11204,18,3,1,78
YZ,Y,15781,18,3,1,78
ZX,T,1,18,3,1,78
ZX,W,484,18,3,1,78
ZX,X,58396,18,3,1,78
ZX,Y,154990,18,3,1,78
XX,T,62,19,3,2,79
XX,W,396773,19,3,2,79
XX,X,1488933,19,3,2,79
XX,Y,4754796,19,3,2,79
XY,T,4,19,3,2,79
XY,W,17599,19,3,2,79
XY,X,380648,19,3,2,79
XY,Y,1195343,19,3,2,79
XZ,T,2,19,3,2,79
XZ,W,21546,19,3,2,79
XZ,X,195854,19,3,2,79
XZ,Y,884414,19,3,2,79
YX,T,1,19,3,2,79
YX,W,12393,19,3,2,79
YX,X,86559,19,3,2,79
YX,Y,387509,19,3,2,79
YY,T,2,19,3,2,79
YY,W,11308,19,3,2,79
YY,X,561596,19,3,2,79
YY,Y,4573835,19,3,2,79
YZ,W,54,19,3,2,79
YZ,X,15123,19,3,2,79
YZ,Y,15414,19,3,2,79
ZX,T,1,19,3,2,79
ZX,W,520,19,3,2,79
ZX,X,59782,19,3,2,79
ZX,Y,155586,19,3,2,79
XX,T,72,20,3,3,80
XX,W,387630,20,3,3,80
XX,X,1498890,20,3,3,80
XX,Y,4699199,20,3,3,80
XY,T,3,20,3,3,80
XY,W,17284,20,3,3,80
XY,X,388994,20,3,3,80
XY,Y,1173216,20,3,3,80
XZ,T,1,20,3,3,80
XZ,W,21454,20,3,3,80
XZ,X,200244,20,3,3,80
XZ,Y,866199,20,3,3,80
YX,W,12525,20,3,3,80
YX,X,87343,20,3,3,80
YX,Y,378235,20,3,3,80
YY,T,7,20,3,3,80
YY,W,11761,20,3,3,80
YY,X,578965,20,3,3,80
YY,Y,4759642,20,3,3,80
YZ,W,41,20,3,3,80
YZ,X,13488,20,3,3,80
YZ,Y,13910,20,3,3,80
ZX,T,1,20,3,3,80
ZX,W,496,20,3,3,80
ZX,X,59732,20,3,3,80
ZX,Y,154727,20,3,3,80
XX,T,77,21,3,4,81
XX,W,391905,21,3,4,81
XX,X,1545470,21,3,4,81
XX,Y,4701366,21,3,4,81
XY,T,4,21,3,4,81
XY,W,17592,21,3,4,81
XY,X,397922,21,3,4,81
XY,Y,1178535,21,3,4,81
XZ,T,3,21,3,4,81
XZ,W,22388,21,3,4,81
XZ,X,216468,21,3,4,81
XZ,Y,893482,21,3,4,81
YX,T,1,21,3,4,81
YX,W,13008,21,3,4,81
YX,X,85785,21,3,4,81
YX,Y,379298,21,3,4,81
YY,T,3,21,3,4,81
YY,W,12837,21,3,4,81
YY,X,612585,21,3,4,81
YY,Y,5121598,21,3,4,81
YZ,W,50,21,3,4,81
YZ,X,13565,21,3,4,81
YZ,Y,13109,21,3,4,81
ZX,T,1,21,3,4,81
ZX,W,510,21,3,4,81
ZX,X,61866,21,3,4,81
ZX,Y,150643,21,3,4,81
XX,T,78,22,3,5,82
XX,W,462386,22,3,5,82
XX,X,1624193,22,3,5,82
XX,Y,5052155,22,3,5,82
XY,T,1,22,3,5,82
XY,W,20649,22,3,5,82
XY,X,433259,22,3,5,82
XY,Y,1330248,22,3,5,82
XZ,T,4,22,3,5,82
XZ,W,27161,22,3,5,82
XZ,X,241381,22,3,5,82
XZ,Y,1009929,22,3,5,82
YX,W,11598,22,3,5,82
YX,X,77597,22,3,5,82
YX,Y,348579,22,3,5,82
YY,T,3,22,3,5,82
YY,W,10835,22,3,5,82
YY,X,561987,22,3,5,82
YY,Y,4172597,22,3,5,82
YZ,W,37,22,3,5,82
YZ,X,12584,22,3,5,82
YZ,Y,12816,22,3,5,82
ZX,W,628,22,3,5,82
ZX,X,71259,22,3,5,82
ZX,Y,173348,22,3,5,82
XX,T,67,23,3,6,83
XX,W,345008,23,3,6,83
XX,X,1346873,23,3,6,83
XX,Y,4331275,23,3,6,83
XY,T,8,23,3,6,83
XY,W,19237,23,3,6,83
XY,X,362971,23,3,6,83
XY,Y,1099709,23,3,6,83
XZ,T,3,23,3,6,83
XZ,W,21903,23,3,6,83
XZ,X,212014,23,3,6,83
XZ,Y,874925,23,3,6,83
YX,T,1,23,3,6,83
YX,W,12144,23,3,6,83
YX,X,83501,23,3,6,83
YX,Y,355627,23,3,6,83
YY,T,2,23,3,6,83
YY,W,10481,23,3,6,83
YY,X,549461,23,3,6,83
YY,Y,4026823,23,3,6,83
YZ,W,42,23,3,6,83
YZ,X,12076,23,3,6,83
YZ,Y,12002,23,3,6,83
ZX,T,1,23,3,6,83
ZX,W,519,23,3,6,83
ZX,X,62240,23,3,6,83
ZX,Y,152412,23,3,6,83
XX,T,73,24,3,7,84
XX,W,308072,24,3,7,84
XX,X,1231995,24,3,7,84
XX,Y,4036561,24,3,7,84
XY,T,1,24,3,7,84
XY,W,17653,24,3,7,84
XY,X,342575,24,3,7,84
XY,Y,1032598,24,3,7,84
XZ,T,1,24,3,7,84
XZ,W,20083,24,3,7,84
XZ,X,205170,24,3,7,84
XZ,Y,822721,24,3,7,84
YX,T,1,24,3,7,84
YX,W,12447,24,3,7,84
YX,X,88483,24,3,7,84
YX,Y,359180,24,3,7,84
YY,T,6,24,3,7,84
YY,W,9043,24,3,7,84
YY,X,502822,24,3,7,84
YY,Y,3624899,24,3,7,84
YZ,W,43,24,3,7,84
YZ,X,11350,24,3,7,84
YZ,Y,11310,24,3,7,84
ZX,W,466,24,3,7,84
ZX,X,58477,24,3,7,84
ZX,Y,142720,24,3,7,84
XX,T,73,25,3,1,85
XX,W,368051,25,3,1,85
XX,X,1454299,25,3,1,85
XX,Y,4505735,25,3,1,85
XY,T,6,25,3,1,85
XY,W,20545,25,3,1,85
XY,X,386174,25,3,1,85
XY,Y,1137932,25,3,1,85
XZ,T,2,25,3,1,85
XZ,W,21122,25,3,1,85
XZ,X,203166,25,3,1,85
XZ,Y,833144,25,3,1,85
YX,W,16928,25,3,1,85
YX,X,98188,25,3,1,85
YX,Y,422212,25,3,1,85
YY,T,4,25,3,1,85
YY,W,11015,25,3,1,85
YY,X,542410,25,3,1,85
YY,Y,4048831,25,3,1,85
YZ,W,53,25,3,1,85
YZ,X,12718,25,3,1,85
YZ,Y,12408,25,3,1,85
ZX,T,1,25,3,1,85
ZX,W,507,25,3,1,85
ZX,X,61510,25,3,1,85
ZX,Y,151900,25,3,1,85
XX,T,67,26,3,2,86
XX,W,381123,26,3,2,86
XX,X,1487202,26,3,2,86
XX,Y,4576866,26,3,2,86
XY,T,3,26,3,2,86
XY,W,20823,26,3,2,86
XY,X,386762,26,3,2,86
XY,Y,1147862,26,3,2,86
XZ,T,1,26,3,2,86
XZ,W,21204,26,3,2,86
XZ,X,218217,26,3,2,86
XZ,Y,843942,26,3,2,86
YX,T,1,26,3,2,86
YX,W,13039,26,3,2,86
YX,X,91763,26,3,2,86
YX,Y,366953,26,3,2,86
YY,T,2,26,3,2,86
YY,W,11130,26,3,2,86
YY,X,549603,26,3,2,86
YY,Y,4096006,26,3,2,86
YZ,W,54,26,3,2,86
YZ,X,12698,26,3,2,86
YZ,Y,12366,26,3,2,86
ZX,W,547,26,3,2,86
ZX,X,61426,26,3,2,86
ZX,Y,153088,26,3,2,86
XX,T,57,27,3,3,87
XX,W,385507,27,3,3,87
XX,X,1505123,27,3,3,87
XX,Y,4599880,27,3,3,87
XY,T,1,27,3,3,87
XY,W,18394,27,3,3,87
XY,X,385261,27,3,3,87
XY,Y,1143832,27,3,3,87
XZ,T,1,27,3,3,87
XZ,W,21755,27,3,3,87
XZ,X,222038,27,3,3,87
XZ,Y,869452,27,3,3,87
YX,W,12805,27,3,3,87
YX,X,89678,27,3,3,87
YX,Y,363314,27,3,3,87
YY,T,3,27,3,3,87
YY,W,11036,27,3,3,87
YY,X,544808,27,3,3,87
YY,Y,4062665,27,3,3,87
YZ,W,43,27,3,3,87
YZ,X,12954,27,3,3,87
YZ,Y,12221,27,3,3,87
ZX,T,2,27,3,3,87
ZX,W,496,27,3,3,87
ZX,X,61391,27,3,3,87
ZX,Y,151441,27,3,3,87
XX,T,100,28,3,4,88
XX,W,386826,28,3,4,88
XX,X,1523943,28,3,4,88
XX,Y,4626395,28,3,4,88
XY,T,6,28,3,4,88
XY,W,17367,28,3,4,88
XY,X,393305,28,3,4,88
XY,Y,1156563,28,3,4,88
XZ,T,2,28,3,4,88
XZ,W,23132,28,3,4,88
XZ,X,244083,28,3,4,88
XZ,Y,919270,28,3,4,88
YX,T,1,28,3,4,88
YX,W,13413,28,3,4,88
YX,X,89274,28,3,4,88
YX,Y,373626,28,3,4,88
YY,T,6,28,3,4,88
YY,W,11380,28,3,4,88
YY,X,555189,28,3,4,88
YY,Y,4174864,28,3,4,88
YZ,W,44,28,3,4,88
YZ,X,12698,28,3,4,88
YZ,Y,12394,28,3,4,88
ZX,T,1,28,3,4,88
ZX,W,518,28,3,4,88
ZX,X,62843,28,3,4,88
ZX,Y,154163,28,3,4,88
XX,T,63,29,3,5,89
XX,W,376888,29,3,5,89
XX,X,1454833,29,3,5,89
XX,Y,4549523,29,3,5,89
XY,T,10,29,3,5,89
XY,W,17151,29,3,5,89
XY,X,370983,29,3,5,89
XY,Y,1135625,29,3,5,89
XZ,T,1,29,3,5,89
XZ,W,22385,29,3,5,89
XZ,X,226513,29,3,5,89
XZ,Y,887643,29,3,5,89
YX,W,11978,29,3,5,89
YX,X,80818,29,3,5,89
YX,Y,348462,29,3,5,89
YY,T,9,29,3,5,89
YY,W,9229,29,3,5,89
YY,X,491014,29,3,5,89
YY,Y,3611223,29,3,5,89
YZ,W,42,29,3,5,89
YZ,X,11904,29,3,5,89
YZ,Y,12606,29,3,5,89
ZX,T,1,29,3,5,89
ZX,W,486,29,3,5,89
ZX,X,60052,29,3,5,89
ZX,Y,149161,29,3,5,89
XX,T,47,30,3,6,90
XX,W,321858,30,3,6,90
XX,X,1239632,30,3,6,90
XX,Y,4195048,30,3,6,90
XY,T,6,30,3,6,90
XY,W,14945,30,3,6,90
XY,X,318133,30,3,6,90
XY,Y,1048265,30,3,6,90
XZ,T,1,30,3,6,90
XZ,W,22307,30,3,6,90
XZ,X,223265,30,3,6,90
XZ,Y,895744,30,3,6,90
YX,T,1,30,3,6,90
YX,W,12647,30,3,6,90
YX,X,86393,30,3,6,90
YX,Y,358365,30,3,6,90
YY,T,1,30,3,6,90
YY,W,10199,30,3,6,90
YY,X,519160,30,3,6,90
YY,Y,3877788,30,3,6,90
YZ,W,29,30,3,6,90
YZ,X,11004,30,3,6,90
YZ,Y,11811,30,3,6,90
ZX,T,1,30,3,6,90
ZX,W,476,30,3,6,90
ZX,X,57683,30,3,6,90
ZX,Y,144511,30,3,6,90
XX,T,54,31,3,7,91
XX,W,305313,31,3,7,91
XX,X,1167201,31,3,7,91
XX,Y,4027970,31,3,7,91
XY,T,2,31,3,7,91
XY,W,13892,31,3,7,91
XY,X,293602,31,3,7,91
XY,Y,1005689,31,3,7,91
XZ,T,3,31,3,7,91
XZ,W,21021,31,3,7,91
XZ,X,219889,31,3,7,91
XZ,Y,879856,31,3,7,91
YX,W,12670,31,3,7,91
YX,X,91452,31,3,7,91
YX,Y,361992,31,3,7,91
YY,T,3,31,3,7,91
YY,W,8918,31,3,7,91
YY,X,481511,31,3,7,91
YY,Y,3531636,31,3,7,91
YZ,W,29,31,3,7,91
YZ,X,10404,31,3,7,91
YZ,Y,10762,31,3,7,91
ZX,T,2,31,3,7,91
ZX,W,457,31,3,7,91
ZX,X,54936,31,3,7,91
ZX,Y,139862,31,3,7,91
XX,T,66,1,4,1,92
XX,W,363454,1,4,1,92
XX,X,1405834,1,4,1,92
XX,Y,4497144,1,4,1,92
XY,T,4,1,4,1,92
XY,W,16570,1,4,1,92
XY,X,360412,1,4,1,92
XY,Y,1122735,1,4,1,92
XZ,W,22954,1,4,1,92
XZ,X,243188,1,4,1,92
XZ,Y,931033,1,4,1,92
YX,T,1,1,4,1,92
YX,W,13126,1,4,1,92
YX,X,90076,1,4,1,92
YX,Y,371325,1,4,1,92
YY,T,1,1,4,1,92
YY,W,11051,1,4,1,92
YY,X,542194,1,4,1,92
YY,Y,4105377,1,4,1,92
YZ,W,43,1,4,1,92
YZ,X,12074,1,4,1,92
YZ,Y,12812,1,4,1,92
ZX,T,2,1,4,1,92
ZX,W,487,1,4,1,92
ZX,X,58308,1,4,1,92
ZX,Y,150245,1,4,1,92
XX,T,78,2,4,2,93
XX,W,372645,2,4,2,93
XX,X,1435442,2,4,2,93
XX,Y,4534055,2,4,2,93
XY,T,2,2,4,2,93
XY,W,17285,2,4,2,93
XY,X,377073,2,4,2,93
XY,Y,1141929,2,4,2,93
XZ,T,2,2,4,2,93
XZ,W,22017,2,4,2,93
XZ,X,226223,2,4,2,93
XZ,Y,885649,2,4,2,93
YX,W,12669,2,4,2,93
YX,X,89531,2,4,2,93
YX,Y,363301,2,4,2,93
YY,T,4,2,4,2,93
YY,W,10944,2,4,2,93
YY,X,542171,2,4,2,93
YY,Y,4033516,2,4,2,93
YZ,W,31,2,4,2,93
YZ,X,11792,2,4,2,93
YZ,Y,12917,2,4,2,93
ZX,W,513,2,4,2,93
ZX,X,58900,2,4,2,93
ZX,Y,149602,2,4,2,93
XX,T,79,3,4,3,94
XX,W,395713,3,4,3,94
XX,X,1470941,3,4,3,94
XX,Y,4654153,3,4,3,94
XY,T,6,3,4,3,94
XY,W,17016,3,4,3,94
XY,X,378192,3,4,3,94
XY,Y,1131678,3,4,3,94
XZ,T,2,3,4,3,94
XZ,W,21726,3,4,3,94
XZ,X,223421,3,4,3,94
XZ,Y,877091,3,4,3,94
YX,W,12540,3,4,3,94
YX,X,88150,3,4,3,94
YX,Y,362408,3,4,3,94
YY,T,1,3,4,3,94
YY,W,11173,3,4,3,94
YY,X,538707,3,4,3,94
YY,Y,4058289,3,4,3,94
YZ,W,33,3,4,3,94
YZ,X,11618,3,4,3,94
YZ,Y,13398,3,4,3,94
ZX,T,3,3,4,3,94
ZX,W,497,3,4,3,94
ZX,X,59173,3,4,3,94
ZX,Y,149819,3,4,3,94
XX,T,69,4,4,4,95
XX,W,553033,4,4,4,95
XX,X,1515041,4,4,4,95
XX,Y,4642372,4,4,4,95
XY,T,6,4,4,4,95
XY,W,17229,4,4,4,95
XY,X,390323,4,4,4,95
XY,Y,1144572,4,4,4,95
XZ,T,2,4,4,4,95
XZ,W,22471,4,4,4,95
XZ,X,241418,4,4,4,95
XZ,Y,911835,4,4,4,95
YX,W,13321,4,4,4,95
YX,X,89878,4,4,4,95
YX,Y,376680,4,4,4,95
YY,T,3,4,4,4,95
YY,W,11265,4,4,4,95
YY,X,552309,4,4,4,95
YY,Y,4159034,4,4,4,95
YZ,W,34,4,4,4,95
YZ,X,11678,4,4,4,95
YZ,Y,13399,4,4,4,95
ZX,T,1,4,4,4,95
ZX,W,526,4,4,4,95
ZX,X,60717,4,4,4,95
ZX,Y,152226,4,4,4,95
XX,T,78,5,4,5,96
XX,W,360404,5,4,5,96
XX,X,1423171,5,4,5,96
XX,Y,4512628,5,4,5,96
XY,T,12,5,4,5,96
XY,W,16773,5,4,5,96
XY,X,365270,5,4,5,96
XY,Y,1130059,5,4,5,96
XZ,T,1,5,4,5,96
XZ,W,22529,5,4,5,96
XZ,X,222179,5,4,5,96
XZ,Y,909599,5,4,5,96
YX,W,12038,5,4,5,96
YX,X,79945,5,4,5,96
YX,Y,352105,5,4,5,96
YY,T,3,5,4,5,96
YY,W,10717,5,4,5,96
YY,X,528341,5,4,5,96
YY,Y,4015491,5,4,5,96
YZ,W,34,5,4,5,96
YZ,X,11288,5,4,5,96
YZ,Y,13764,5,4,5,96
ZX,T,2,5,4,5,96
ZX,W,495,5,4,5,96
ZX,X,59369,5,4,5,96
ZX,Y,150200,5,4,5,96
XX,T,54,6,4,6,97
XX,W,312736,6,4,6,97
XX,X,1248451,6,4,6,97
XX,Y,4207723,6,4,6,97
XY,T,9,6,4,6,97
XY,W,14738,6,4,6,97
XY,X,318442,6,4,6,97
XY,Y,1047346,6,4,6,97
XZ,T,1,6,4,6,97
XZ,W,21856,6,4,6,97
XZ,X,221340,6,4,6,97
XZ,Y,895655,6,4,6,97
YX,T,1,6,4,6,97
YX,W,12371,6,4,6,97
YX,X,84241,6,4,6,97
YX,Y,357007,6,4,6,97
YY,T,4,6,4,6,97
YY,W,10090,6,4,6,97
YY,X,517716,6,4,6,97
YY,Y,3866394,6,4,6,97
YZ,W,33,6,4,6,97
YZ,X,10519,6,4,6,97
YZ,Y,12933,6,4,6,97
ZX,T,3,6,4,6,97
ZX,W,469,6,4,6,97
ZX,X,56592,6,4,6,97
ZX,Y,144167,6,4,6,97
XX,T,84,7,4,7,98
XX,W,306070,7,4,7,98
XX,X,1206718,7,4,7,98
XX,Y,4078041,7,4,7,98
XY,T,6,7,4,7,98
XY,W,13819,7,4,7,98
XY,X,301321,7,4,7,98
XY,Y,1008383,7,4,7,98
XZ,T,1,7,4,7,98
XZ,W,20775,7,4,7,98
XZ,X,223512,7,4,7,98
XZ,Y,877352,7,4,7,98
YX,W,12713,7,4,7,98
YX,X,88246,7,4,7,98
YX,Y,364704,7,4,7,98
YY,T,3,7,4,7,98
YY,W,8853,7,4,7,98
YY,X,469970,7,4,7,98
YY,Y,3552822,7,4,7,98
YZ,W,33,7,4,7,98
YZ,X,10440,7,4,7,98
YZ,Y,12029,7,4,7,98
ZX,W,439,7,4,7,98
ZX,X,53887,7,4,7,98
ZX,Y,139554,7,4,7,98
XX,T,63,8,4,1,99
XX,W,355923,8,4,1,99
XX,X,1419276,8,4,1,99
XX,Y,4471024,8,4,1,99
XY,T,8,8,4,1,99
XY,W,16532,8,4,1,99
XY,X,361163,8,4,1,99
XY,Y,1122380,8,4,1,99
XZ,T,2,8,4,1,99
XZ,W,21625,8,4,1,99
XZ,X,225754,8,4,1,99
XZ,Y,893890,8,4,1,99
YX,W,12423,8,4,1,99
YX,X,84303,8,4,1,99
YX,Y,362045,8,4,1,99
YY,T,2,8,4,1,99
YY,W,9485,8,4,1,99
YY,X,477103,8,4,1,99
YY,Y,3674803,8,4,1,99
YZ,W,40,8,4,1,99
YZ,X,11486,8,4,1,99
YZ,Y,13746,8,4,1,99
ZX,T,3,8,4,1,99
ZX,W,464,8,4,1,99
ZX,X,58247,8,4,1,99
ZX,Y,148907,8,4,1,99
XX,T,74,9,4,2,100
XX,W,370625,9,4,2,100
XX,X,1464506,9,4,2,100
XX,Y,4557237,9,4,2,100
XY,T,6,9,4,2,100
XY,W,16917,9,4,2,100
XY,X,369249,9,4,2,100
XY,Y,1133774,9,4,2,100
XZ,T,3,9,4,2,100
XZ,W,20790,9,4,2,100
XZ,X,216099,9,4,2,100
XZ,Y,866597,9,4,2,100
YX,T,1,9,4,2,100
YX,W,12254,9,4,2,100
YX,X,81336,9,4,2,100
YX,Y,357226,9,4,2,100
YY,T,3,9,4,2,100
YY,W,8689,9,4,2,100
YY,X,440438,9,4,2,100
YY,Y,3446233,9,4,2,100
YZ,W,47,9,4,2,100
YZ,X,11023,9,4,2,100
YZ,Y,13552,9,4,2,100
ZX,T,2,9,4,2,100
ZX,W,465,9,4,2,100
ZX,X,58302,9,4,2,100
ZX,Y,148674,9,4,2,100
XX,T,76,10,4,3,101
XX,W,379543,10,4,3,101
XX,X,1474590,10,4,3,101
XX,Y,4575760,10,4,3,101
XY,T,7,10,4,3,101
XY,W,16909,10,4,3,101
XY,X,373850,10,4,3,101
XY,Y,1137806,10,4,3,101
XZ,T,2,10,4,3,101
XZ,W,21352,10,4,3,101
XZ,X,213788,10,4,3,101
XZ,Y,898621,10,4,3,101
YX,W,12835,10,4,3,101
YX,X,84520,10,4,3,101
YX,Y,372913,10,4,3,101
YY,T,4,10,4,3,101
YY,W,7026,10,4,3,101
YY,X,375756,10,4,3,101
YY,Y,2892479,10,4,3,101
YZ,W,48,10,4,3,101
YZ,X,10858,10,4,3,101
YZ,Y,13758,10,4,3,101
ZX,T,2,10,4,3,101
ZX,W,458,10,4,3,101
ZX,X,56132,10,4,3,101
ZX,Y,145470,10,4,3,101
XX,T,69,11,4,4,102
XX,W,378353,11,4,4,102
XX,X,1533530,11,4,4,102
XX,Y,4626686,11,4,4,102
XY,T,4,11,4,4,102
XY,W,17416,11,4,4,102
XY,X,396991,11,4,4,102
XY,Y,1164217,11,4,4,102
XZ,T,4,11,4,4,102
XZ,W,21931,11,4,4,102
XZ,X,241056,11,4,4,102
XZ,Y,926137,11,4,4,102
YX,W,13100,11,4,4,102
YX,X,85424,11,4,4,102
YX,Y,377621,11,4,4,102
YY,T,3,11,4,4,102
YY,W,8194,11,4,4,102
YY,X,438198,11,4,4,102
YY,Y,3404451,11,4,4,102
YZ,W,50,11,4,4,102
YZ,X,11338,11,4,4,102
YZ,Y,13894,11,4,4,102
ZX,T,1,11,4,4,102
ZX,W,537,11,4,4,102
ZX,X,63413,11,4,4,102
ZX,Y,156586,11,4,4,102
XX,T,62,12,4,5,103
XX,W,376426,12,4,5,103
XX,X,1491587,12,4,5,103
XX,Y,4591858,12,4,5,103
XY,T,4,12,4,5,103
XY,W,16913,12,4,5,103
XY,X,379072,12,4,5,103
XY,Y,1135453,12,4,5,103
XZ,T,4,12,4,5,103
XZ,W,21321,12,4,5,103
XZ,X,237069,12,4,5,103
XZ,Y,904496,12,4,5,103
YX,W,12632,12,4,5,103
YX,X,84934,12,4,5,103
YX,Y,367092,12,4,5,103
YY,T,2,12,4,5,103
YY,W,8865,12,4,5,103
YY,X,464796,12,4,5,103
YY,Y,3604664,12,4,5,103
YZ,W,47,12,4,5,103
YZ,X,11315,12,4,5,103
YZ,Y,14037,12,4,5,103
ZX,T,2,12,4,5,103
ZX,W,509,12,4,5,103
ZX,X,64935,12,4,5,103
ZX,Y,157144,12,4,5,103
XX,T,63,13,4,6,104
XX,W,341917,13,4,6,104
XX,X,1309921,13,4,6,104
XX,Y,4288238,13,4,6,104
XY,T,10,13,4,6,104
XY,W,15238,13,4,6,104
XY,X,346272,13,4,6,104
XY,Y,1067050,13,4,6,104
XZ,T,3,13,4,6,104
XZ,W,21806,13,4,6,104
XZ,X,249004,13,4,6,104
XZ,Y,912699,13,4,6,104
YX,W,13363,13,4,6,104
YX,X,91290,13,4,6,104
YX,Y,375708,13,4,6,104
YY,T,3,13,4,6,104
YY,W,9332,13,4,6,104
YY,X,503258,13,4,6,104
YY,Y,3730101,13,4,6,104
YZ,W,43,13,4,6,104
YZ,X,10853,13,4,6,104
YZ,Y,13237,13,4,6,104
ZX,T,1,13,4,6,104
ZX,W,477,13,4,6,104
ZX,X,61628,13,4,6,104
ZX,Y,150820,13,4,6,104
XX,T,46,14,4,7,105
XX,W,314151,14,4,7,105
XX,X,1266361,14,4,7,105
XX,Y,4102527,14,4,7,105
XY,T,6,14,4,7,105
XY,W,14332,14,4,7,105
XY,X,329497,14,4,7,105
XY,Y,1032913,14,4,7,105
XZ,T,3,14,4,7,105
XZ,W,21361,14,4,7,105
XZ,X,254206,14,4,7,105
XZ,Y,901768,14,4,7,105
YX,W,13747,14,4,7,105
YX,X,96549,14,4,7,105
YX,Y,382639,14,4,7,105
YY,T,2,14,4,7,105
YY,W,8940,14,4,7,105
YY,X,496102,14,4,7,105
YY,Y,3619637,14,4,7,105
YZ,W,41,14,4,7,105
YZ,X,10559,14,4,7,105
YZ,Y,12804,14,4,7,105
ZX,W,473,14,4,7,105
ZX,X,58341,14,4,7,105
ZX,Y,145023,14,4,7,105
